,V11-force,V12-force,V13-force,V14-force,V15-force,V16-force,V17-force,V18-force,V19-force,V20-force,V21-force,V22-force,V23-force,V24-force,V25-force,V26-force,V27-force
0,0.0,0.0,0.0,0.0,0.0,0.0,0.0,0.0,0.0,0.0,0.0,0.0,0.0,0.0,0.0,0.0,0.0
1,0.0,0.0,0.0,0.0,0.0,0.0,0.0,0.0,0.0,0.00122467,0.00135026,0.00132989,0.00144275,0.00147352,0.00130698,0.0014085,0.00116365
2,0.0,1.43128e-11,0.0,1.44977e-11,1.083482e-14,6.73139599245e-09,0.0,2.90893e-12,4.30266e-14,0.00435596,0.00332388,0.00328396,0.0036785,0.0036181,0.00333645,0.00354507,0.0039207800000000004
3,0.0,1.49306e-08,1.925025e-14,1.2118e-07,1.17976e-14,1.13113e-07,0.0,4.646752e-07,2.18199e-14,0.00897919,0.00613678,0.007758305,0.0069976,0.00672333,0.00817921,0.00660367,0.00781293
4,0.0,2.77173e-08,5.58593e-14,2.4921899999999998e-06,5.9215e-15,2.6857e-07,0.0,3.19817e-06,2.14947e-14,0.0131449,0.00988272,0.0140627,0.0115031,0.0108849,0.0151203,0.01313405,0.0115077
5,0.0,4.26248e-08,6.21868e-14,8.34519e-06,5.15727e-16,7.87547e-07,0.0,8.61814e-06,1.566857e-14,0.0180196,0.01750535,0.0195185,0.0172346,0.0161754,0.0210376,0.0218062,0.0160082
6,0.0,1.03537e-07,1.0744e-14,1.29636e-05,8.774174999999999e-14,1.66727e-06,3.78663e-14,1.5352e-05,1.93372e-13,0.0269281,0.0267056,0.0256392,0.0239292,0.0224113,0.0275885,0.0285674,0.0239814
7,0.0,3.21148e-07,2.59754e-14,3.00525e-05,2.91212e-14,5.7319e-06,2.29465e-14,2.80436e-05,1.21084e-14,0.0367132,0.0335684,0.0322611,0.0312791,0.0327446,0.0346255,0.0357305,0.0326744
8,0.0,1.9836623e-06,2.3816e-14,5.00867e-05,2.20441e-14,9.99008e-06,4.13879e-14,5.17976e-05,4.63069e-14,0.0431886,0.0406939,0.0391983,0.0430566,0.0435377,0.0418622,0.043035,0.0387105
9,0.0,2.3086e-06,3.69583e-15,7.12278e-05,2.70501e-14,2.0185e-05,2.24091e-14,8.18072e-05,1.88448e-13,0.0496479,0.0477076,0.0461507,0.0544951,0.0507691,0.0488946,0.0501437,0.047410900000000006
10,0.0,6.52283e-06,3.4225e-15,0.000104855,1.2515285e-14,3.21868e-05,7.8507e-15,0.000118597,1.72597e-14,0.05862795,0.054327,0.0557307,0.0612183,0.0573875,0.0553799,0.0568969,0.0553952
11,0.0,1.25372e-05,7.44035e-15,0.000151647,3.45981e-14,4.65425e-05,1.56998e-14,0.0001936075,1.0282e-14,0.0661551,0.0602583,0.0636677,0.0671618,0.0631452,0.06331724999999999,0.06540204999999999,0.05997
12,0.0,2.00309e-05,8.29068e-15,0.00021845749999999998,1.41572e-14,6.55156e-05,4.116255e-15,0.000281621,5.8243e-15,0.0699909,0.0654357,0.067837,0.0721263,0.0678278,0.0691505,0.0716373,0.06544605
13,0.0,1.76608e-05,5.45831e-15,0.000327957,1.6210185e-14,9.0583e-05,4.8536e-14,0.000357642,8.18414e-15,0.0737968,0.0697857,0.0710627,0.0763637,0.0712586,0.0716514,0.0742632,0.0693536
14,0.0,2.74409e-05,1.00413e-14,0.000415748,1.71314e-14,0.000111851,4.70105e-14,0.000475085,1.49527e-14,0.0764661,0.07486635,0.073255,0.0802476,0.0735931,0.0734818,0.076174,0.0710566
15,0.0,3.30051e-05,9.16216e-16,0.0004858,1.2122e-14,0.0001478845,1.35064e-14,0.000529095,8.6535179e-15,0.0777957,0.0794643,0.0748777,0.0841144,0.0753245,0.074991,0.0776961,0.0723966
16,0.0,4.29636e-05,2.812135e-15,0.000602181,9.75713e-15,0.000190969,1.51103e-14,0.000616483,2.52665e-14,0.0789822,0.0826489,0.07678225,0.0882265,0.0767351,0.0763732,0.0790591,0.07403589999999999
17,0.0,7.386685e-05,2.40103e-15,0.00299898,9.128105e-15,0.000221532,1.40726e-14,0.00071017,1.23942e-14,0.08112875,0.0861373,0.0787327,0.0931113,0.0781057,0.0780149,0.080728,0.0757542
18,0.0,0.000123794,3.06085e-15,0.00415366,1.41027e-14,0.00024736,1.24639e-15,0.000903729,8.03378e-15,0.0844254,0.090367,0.080603,0.0989995,0.0797456,0.08240510000000001,0.0831364,0.0773551
19,0.0,0.00010052,8.6084e-15,0.00813027,2.86626e-15,0.0003579575,2.41696e-15,0.00105747,8.8369e-15,0.0878418,0.0955796,0.0832891,0.106124,0.0837105,0.0908025,0.0866155,0.08095845
20,0.0,0.000102289,2.95828e-15,0.0117072,9.60418e-15,0.000353999,3.235559e-14,0.00190776,1.00452e-14,0.0922772,0.101724,0.0868615,0.114498,0.089724,0.0984908,0.0913972,0.0860568
21,0.0,0.000181393,4.79425e-16,0.0136941,8.920105e-15,0.000488868,3.31305e-14,0.00234545,1.66731e-14,0.10071459999999999,0.108897,0.0913321,0.123775,0.0953358,0.108023,0.10087579999999999,0.0904892
22,0.0,0.000168394,7.396065e-15,0.0164836,8.35132e-15,0.0005576975,2.20982e-14,0.00347932,1.03893e-14,0.110141,0.116874,0.0997728,0.133556,0.101974,0.118583,0.111559,0.0983276
23,0.0,0.000195929,1.94287e-15,0.020114,1.19415e-14,0.000441108,3.13118e-15,0.0040455,9.49256e-16,0.116557,0.12506,0.109423,0.143121,0.109049,0.129673,0.118738,0.106691
24,0.0,0.000256607,7.4933e-15,0.0220545,1.45366e-14,0.000820577,2.18991e-14,0.00484914,2.5318e-14,0.1254645,0.1369265,0.115985,0.152026,0.116124,0.14066,0.125489,0.112273
25,0.0,0.000256319,2.40604e-16,0.0267248,9.113510000000001e-15,0.000782459,1.5631e-14,0.00682557,1.34582e-14,0.133116,0.147999,0.122253,0.163806,0.12288,0.1556095,0.131572,0.12008350000000001
26,0.0,0.00034341950000000003,1.34103e-14,0.0293462,1.47578e-14,0.000746561,3.94661e-15,0.0150123,9.46776e-15,0.13731,0.154448,0.127971,0.173966,0.128977,0.169011,0.136688,0.12702
27,0.0,0.000387291,9.37352e-15,0.03594995,9.42726e-15,0.00111513,1.91488e-15,0.0192769,3.39702e-16,0.140807,0.160367,0.132931,0.179565,0.134058,0.176704,0.140821,0.130748
28,0.0,0.000384323,1.53921e-14,0.0418722,7.47858e-15,0.0010010625,9.309995e-15,0.0233288,2.67555e-15,0.1446915,0.165352,0.13859749999999998,0.184479,0.138069,0.183299,0.143931,0.135042
29,0.0,0.000513325,3.50558e-15,0.0473695,1.257945e-14,0.00101684,1.19761e-15,0.0307391,9.20386e-15,0.147163,0.169854,0.142534,0.188673,0.141258,0.189794,0.146029,0.138133
30,0.0,0.00124071,7.08913e-16,0.0511342,1.0915e-14,0.00125897,2.06849e-14,0.0341003,1.84091e-15,0.148083,0.174175,0.1441,0.192886,0.14352,0.196621,0.14777,0.139423
31,0.0,0.00407725,4.57986e-15,0.0575405,4.79826e-15,0.00130396,1.14476e-14,0.0420212,1.56389e-15,0.148894,0.178356,0.145111,0.197647,0.144939,0.202363,0.149293,0.140206
32,0.0,0.00345843,1.50302e-14,0.0618973,1.01346e-14,0.00135585,5.01513e-15,0.04908835,9.206794999999999e-15,0.15059250000000002,0.182722,0.145943,0.203314,0.145898,0.2154385,0.150924,0.14187650000000002
33,0.0,0.00433116,5.55293e-15,0.067673,1.1202469999999999e-14,0.00158638,1.0736e-14,0.0589965,4.15162e-16,0.153573,0.19078450000000002,0.146939,0.209952,0.146853,0.231947,0.153532,0.145227
34,0.0,0.0052234,1.44241e-14,0.07655,1.95124e-14,0.00153933,1.05599e-14,0.0634523,3.41649e-15,0.156483,0.200499,0.14842,0.217556,0.1494355,0.24508,0.157195,0.147712
35,0.0,0.00619783,5.5003549999999994e-15,0.0866714,2.16297e-15,0.001748435,9.69548e-16,0.0727804,2.64094e-15,0.162546,0.208409,0.15217,0.225731,0.153953,0.259775,0.161881,0.15314450000000002
36,0.0,0.0078385,7.00286e-15,0.0922186,1.04284e-14,0.00193634,6.207354999999999e-15,0.0759281,1.96625e-14,0.169974,0.216918,0.157647,0.234068,0.158425,0.275377,0.167378,0.159914
37,0.0,0.00876359,7.95599e-15,0.0994755,3.8374399999999995e-15,0.0019849,4.17008e-15,0.0856551,7.76354e-15,0.175573,0.225753,0.162217,0.242594,0.163702,0.291483,0.173667,0.165104
38,0.0,0.0100624,9.96333e-15,0.107038,9.63698e-15,0.0021810249999999996,6.46612e-15,0.0918417,4.02105e-15,0.181295,0.234701,0.167516,0.250807,0.169706,0.30844,0.180413,0.175995
39,0.0,0.0100995,2.96508e-15,0.114254,8.09102e-15,0.00235907,1.02661e-14,0.10298315,1.73328e-14,0.1896255,0.24367,0.173444,0.258168,0.176208,0.3317185,0.187113,0.185905
40,0.0,0.0117319,1.30527e-14,0.123418,2.47241e-14,0.00244094,3.83606e-16,0.117875,7.44853e-15,0.197176,0.252106,0.179557,0.264608,0.182747,0.353889,0.1961055,0.191333
41,0.0,0.0116562,1.38879e-14,0.137161,7.16542e-15,0.002620125,1.22408e-14,0.120627,1.09564e-14,0.201588,0.26,0.1882615,0.269625,0.18894,0.366983,0.203277,0.198498
42,0.0,0.012944,1.4193975e-14,0.1520285,7.41443e-15,0.0029518,1.24045e-14,0.140673,7.37069e-15,0.2063525,0.267064,0.195658,0.275217,0.194513,0.381199,0.206508,0.2035
43,0.0,0.0143807,3.90984e-15,0.167437,4.28301e-15,0.00299317,1.67523e-14,0.163365,1.78704e-15,0.209516,0.2758975,0.199544,0.280251,0.199113,0.396984,0.208791,0.207749
44,0.0,0.0152259,6.01272e-16,0.178401,1.6087e-14,0.003039635,5.2807e-15,0.161538,2.18735e-15,0.210762,0.283698,0.202553,0.283247,0.202586,0.411082,0.210285,0.211826
45,0.0,0.0155389,8.86301e-15,0.191539,1.050885e-14,0.00337145,5.865125e-15,0.188398,9.13516e-15,0.211614,0.288534,0.204637,0.286815,0.204969,0.428478,0.211265,0.215127
46,0.0,0.0184494,9.0767e-15,0.202588,2.66784e-15,0.00342608,1.66635e-14,0.204716,9.15119e-15,0.212692,0.293629,0.205983,0.290891,0.206455,0.4550705,0.212065,0.216368
47,0.0,0.0177448,6.84673e-16,0.217377,2.07891e-14,0.00363549,5.88828e-15,0.229148,1.35093e-14,0.214157,0.299255,0.207186,0.295583,0.207384,0.486157,0.213071,0.21656
48,0.0,0.0184159,8.438294999999999e-15,0.229251,1.56318e-14,0.00399997,1.51553e-14,0.239756,3.8853e-15,0.215722,0.305485,0.20834,0.301405,0.208105,0.506202,0.214555,0.2167285
49,0.0,0.0201615,6.81236e-15,0.254869,9.059895e-15,0.00403682,3.62675e-15,0.26673,1.60241e-14,0.217907,0.31292,0.209587,0.308094,0.209058,0.527169,0.218536,0.219989
50,0.0,0.0197048,1.12897e-15,0.283839,2.72655e-14,0.00418646,9.56373e-18,0.270959,7.71821e-15,0.22285899999999997,0.320971,0.2113,0.315523,0.210542,0.551881,0.22487,0.22278
51,0.0,0.0210021,1.7989e-14,0.303561,1.56442e-15,0.0047193700000000005,1.13482e-14,0.303199,2.05734e-15,0.229643,0.329625,0.213719,0.323132,0.21428,0.576935,0.230369,0.2286945
52,0.0,0.0231432,1.43126e-14,0.324889,3.5971e-14,0.00506144,1.17397e-14,0.311911,3.02041e-15,0.234846,0.344309,0.217142,0.330532,0.220018,0.602214,0.236366,0.236759
53,0.0,0.02353515,1.82447e-14,0.339083,1.5851615e-14,0.00514334,5.5096e-15,0.334994,1.06624e-14,0.240278,0.359524,0.221464,0.337261,0.225133,0.636206,0.242535,0.24159
54,0.0,0.0243327,1.90566e-14,0.360503,8.92323e-15,0.005603525,2.56823e-16,0.365459,1.05161e-14,0.248206,0.369613,0.22915950000000002,0.342547,0.230823,0.6800915,0.248427,0.2496005
55,0.0,0.0271484,1.61918e-14,0.376919,1.55063e-14,0.0064246,6.44632e-15,0.400979,1.31381e-15,0.255296,0.379845,0.237429,0.347317,0.236799,0.727341,0.253733,0.259195
56,0.0,0.0263535,8.20328e-15,0.397917,1.31131e-14,0.00631793,1.3617e-14,0.414713,8.40428e-15,0.259239,0.392754,0.242788,0.352508,0.242647,0.757386,0.25841,0.263024
57,0.0,0.0282426,4.27409e-15,0.4289925,4.238665e-15,0.0068200399999999994,1.36228e-14,0.443213,2.05484e-14,0.26382,0.406862,0.247707,0.356564,0.248017,0.785781,0.262244,0.270725
58,0.0,0.0279935,4.92042e-15,0.45964700000000003,2.31219e-15,0.0071297,9.50245e-15,0.45879,2.42787e-14,0.267049,0.419197,0.252032,0.360097,0.252689,0.811255,0.2660065,0.27808
59,0.0,0.0290771,3.58273e-15,0.481656,1.77071e-14,0.00744064,1.27634e-15,0.488904,1.45331e-14,0.268304,0.433638,0.255652,0.3658685,0.25653,0.839875,0.268064,0.278922
60,0.0,0.0311792,1.33298e-15,0.508975,9.88746e-16,0.008074379999999999,7.28762e-16,0.515984,1.8336e-14,0.269013,0.449571,0.258463,0.372065,0.259441,0.865951,0.268625,0.281008
61,0.0,0.0309347,3.01768e-15,0.527104,4.63389e-15,0.00828249,9.93068e-15,0.5478195,2.38879e-14,0.2695965,0.4676765,0.261075,0.377277,0.261392,0.9060465,0.269039,0.2839295
62,0.0,0.032298549999999995,1.24498e-15,0.5526,1.09041e-14,0.00873104,6.87283e-15,0.580448,5.5432e-15,0.270493,0.485992,0.262435,0.383044,0.262594,0.948546,0.269816,0.284307
63,0.0,0.0331701,1.161802e-14,0.57691,9.69565e-15,0.00929196,9.52576e-15,0.616936,7.35423e-16,0.271755,0.49657,0.262851,0.389767,0.263246,0.977419,0.271317,0.285565
64,0.0,0.0340437,5.89663e-15,0.6118925,2.25366e-14,0.00959057,9.285125000000001e-15,0.641992,1.01065e-14,0.273644,0.50664,0.263258,0.397404,0.263666,1.00485,0.273719,0.287761
65,0.0,0.0344905,9.76188e-15,0.64528,8.14719e-15,0.0101767,3.71653e-15,0.670119,9.78565e-15,0.27780499999999997,0.51687,0.26404,0.405708,0.264274,1.03772,0.277003,0.28973
66,0.0,0.0353627,6.06428e-15,0.669687,1.1735e-14,0.0108096,1.22754e-14,0.701373,8.072715e-15,0.283381,0.529513,0.265573,0.413606,0.265538,1.07167,0.28118,0.29159
67,0.0,0.0346541,7.21277e-15,0.695458,8.76527e-15,0.02843975,2.88575e-15,0.727099,4.68307e-15,0.28766,0.536644,0.267934,0.420998,0.269358,1.1026,0.286137,0.29529649999999996
68,0.0,0.0366772,9.25429e-15,0.722612,2.2979799999999998e-14,0.0335484,7.73038e-15,0.7774255000000001,2.30414e-14,0.2948235,0.545414,0.273045,0.428752,0.274976,1.1596199999999999,0.29437250000000004,0.301868
69,0.0,0.0363349,2.22584e-15,0.749173,2.050865e-14,0.040203,1.86901e-14,0.828436,1.75741e-14,0.302191,0.556323,0.279393,0.440622,0.279645,1.2179,0.302712,0.307649
70,0.0,0.0369376,7.723165e-15,0.778208,1.61609e-14,0.10566475,1.5488e-14,0.860538,1.49112e-15,0.306682,0.569216,0.284106,0.472976,0.284696,1.25747,0.307547,0.3161795
71,0.0,0.03699015,5.75638e-15,0.808654,1.42008e-14,0.13199,8.16194e-16,0.894518,4.54802e-15,0.310526,0.5907045,0.288954,0.509451,0.2899,1.29609,0.311474,0.324136
72,0.0,0.0377315,9.64023e-15,0.854105,2.88843e-15,0.164706,2.80277e-15,0.942537,3.28085e-15,0.314839,0.616068,0.293777,0.545884,0.295043,1.33347,0.314532,0.327264
73,0.0,0.0370055,6.64854e-15,0.900295,5.42324e-15,0.19294050000000001,1.9086e-14,0.965701,4.04566e-17,0.317803,0.634029,0.298298,0.602104,0.299826,1.37103,0.316696,0.32957749999999997
74,0.0,0.037821,3.17076e-15,0.930561,1.37329e-14,0.208398,5.39376e-15,1.01192,4.86071e-15,0.318923,0.650037,0.302239,0.656361,0.303908,1.41039,0.3181,0.333419
75,0.0,0.0371641,8.18958e-15,0.965144,1.41314e-14,0.244416,1.20018e-14,1.0624099999999999,1.47227e-14,0.319663,0.670425,0.305449,0.70821,0.307107,1.47068,0.318984,0.336404
76,0.0,0.0364948,8.62719e-15,0.997578,3.87674e-15,0.254379,1.21708e-14,1.12652,7.44556e-15,0.3203915,0.689823,0.3087395,0.768251,0.309441,1.53226,0.319531,0.33676
77,0.0,0.0381459,3.83139e-15,1.02995,1.572275e-14,0.268185,5.15078e-15,1.156,1.54785e-14,0.321051,0.705205,0.310595,0.814079,0.310908,1.57482,0.32026699999999997,0.337755
78,0.0,0.0361675,1.90054e-15,1.06624,8.33605e-15,0.278578,3.1461e-15,1.20983,1.25498e-14,0.321698,0.718053,0.311138,0.829033,0.311667,1.62364,0.321667,0.336335
79,0.0,0.0368141,6.57381e-16,1.10273,8.29509e-15,0.265369,1.74339e-14,1.23652,4.76337e-15,0.3229,0.732208,0.311516,0.834474,0.3121,1.66987,0.323645,0.335485
80,0.0,0.036368849999999994,5.73889e-15,1.1549399999999999,2.51901e-14,0.281746,1.57245e-14,1.28961,1.8665e-14,0.326171,0.7471945,0.311945,0.841103,0.312527,1.71538,0.326619,0.33562749999999997
81,0.0,0.0366267,7.29398e-15,1.20916,1.2982185e-14,0.304222,9.60782e-15,1.32982,9.77858e-15,0.330821,0.762117,0.312641,0.829326,0.313219,1.76414,0.330586,0.337466
82,0.0,0.0352092,2.06154e-15,1.24427,1.26146e-15,0.294522,2.71964e-16,1.398655,2.92244e-15,0.334803,0.771289,0.313829,0.815778,0.314439,1.8364699999999998,0.335333,0.339258
83,0.0,0.043226,2.44568e-15,1.28523,1.1197e-14,0.31019949999999996,9.3883e-15,1.46157,5.72704e-15,0.34134200000000003,0.779321,0.3169375,0.790661,0.316361,1.91123,0.340372,0.3433745
84,0.0,0.0469847,4.8148949999999995e-15,1.32304,4.091e-15,0.333033,2.75111e-15,1.52332,2.73678e-15,0.347636,0.787599,0.321493,0.779892,0.32086400000000004,1.9626,0.345292,0.346949
85,0.0,0.060796,8.76511e-15,1.36758,1.2247320000000001e-14,0.313761,7.34877e-15,1.56087,1.1677e-14,0.351625,0.796684,0.325428,0.769412,0.326903,2.01173,0.349959,0.351659
86,0.0,0.0620809,1.04289e-15,1.40429,6.15722e-16,0.32741549999999997,6.66058e-15,1.61923,8.53768e-15,0.355242,0.805579,0.329783,0.772942,0.331597,2.06542,0.354156,0.3571605
87,0.0,0.0645617,8.97546e-15,1.4629,1.40167e-14,0.332738,4.76217e-15,1.67722,9.77764e-15,0.3595925,0.817566,0.334213,0.793404,0.336313,2.11709,0.359035,0.366158
88,0.0,0.0762204,1.961e-15,1.52459,5.40394e-15,0.318754,6.21171e-15,1.71806,2.39927e-14,0.362663,0.829854,0.33841,0.828925,0.340709,2.16588,0.362274,0.380204
89,0.0,0.0802447,8.4062e-15,1.56659,1.2409355e-14,0.329335,1.67754e-15,1.80408,1.01244e-14,0.363888,0.844638,0.342243,0.854452,0.344636,2.237705,0.363351,0.394894
90,0.0,0.0872282,3.07554e-15,1.61386,1.95416e-14,0.338709,7.24521e-15,1.88704,3.33942e-15,0.364585,0.8659225,0.3470445,0.895197,0.348024,2.31009,0.363814,0.399284
91,0.0,0.0884088,2.575825e-15,1.66964,1.1152e-14,0.335025,1.02608e-14,1.93482,3.80818e-15,0.3648895,0.88399,0.3507,0.92811,0.350717,2.36442,0.363992,0.419842
92,0.0,0.0921037,4.96124e-15,1.717,7.61333e-15,0.341144,4.55946e-15,2.00842,4.2473e-15,0.365126,0.899847,0.352334,0.940051,0.352694,2.41772,0.364221,0.438067
93,0.0,0.0992966,1.16138e-15,1.76401,1.1968250000000001e-14,0.354628,1.066383e-14,2.05487,5.35117e-15,0.365548,0.910393,0.353359,0.9605995,0.353973,2.47447,0.364711,0.4490805
94,0.0,0.104881,2.41535e-15,1.81329,1.48833e-15,0.346349,2.23971e-15,2.11599,1.57859e-14,0.3670455,0.919547,0.353875,0.957501,0.354638,2.53501,0.365752,0.444804
95,0.0,0.108706,7.10228e-17,1.88882,1.02275e-16,0.351891,7.40599e-15,2.18474,7.54647e-15,0.369639,0.931529,0.354062,0.95314,0.354884,2.59436,0.367532,0.448708
96,0.0,0.109414,4.84902e-15,1.95538,9.20085e-17,0.35199250000000004,1.94241e-14,2.27277,4.64032e-15,0.372215,0.936508,0.354224,0.926825,0.355057,2.69339,0.3717475,0.4532535
97,0.0,0.118685,2.65861e-15,2.01612,1.27888e-14,0.350591,3.14325e-15,2.38011,1.18129e-14,0.375366,0.943425,0.355063,0.908359,0.355511,2.7997,0.377463,0.454277
98,0.0,0.1321565,1.04638e-15,2.06351,4.40201e-15,0.353384,4.05913e-15,2.43585,6.08539e-15,0.381077,0.948474,0.357016,0.881892,0.356513,2.87016,0.382061,0.451145
99,0.0,0.144096,2.262565e-15,2.12033,8.30219e-15,0.35451299999999997,8.6808e-15,2.51351,1.11484e-15,0.387257,0.9600105,0.359242,0.863176,0.358273,2.93817,0.386781,0.44203400000000004
100,0.0,0.141574,5.77486e-16,2.17972,6.52961e-15,0.349984,1.11477e-14,2.57644,4.2788500000000005e-15,0.391228,0.980563,0.362087,0.866614,0.360855,3.01093,0.391197,0.42021
101,0.0,0.147649,7.93719e-15,2.2271,4.660935e-15,0.362708,5.79164e-15,2.63891,5.89373e-15,0.394695,0.996504,0.365349,0.867446,0.365893,3.07716,0.394931,0.416983
102,0.0,0.170298,4.00153e-15,2.318545,2.74914e-15,0.35539149999999997,2.614685e-15,2.71526,1.23247e-14,0.3986235,1.02183,0.368868,0.884525,0.371551,3.1433,0.397847,0.42421949999999997
103,0.0,0.155883,4.26713e-15,2.43248,1.79379e-14,0.34937,9.31272e-15,2.78784,7.74758e-16,0.401294,1.04992,0.372571,0.918356,0.375505,3.20972,0.39991,0.419567
104,0.0,0.162157,2.86606e-15,2.53429,1.09627e-15,0.36287,6.54716e-15,2.8888049999999996,1.59182e-14,0.402424,1.09665,0.378019,0.951985,0.379365,3.3111550000000003,0.401321,0.41933
105,0.0,0.171536,9.79096e-15,2.64345,2.089997e-15,0.3572285,8.29013e-15,3.01017,3.00383e-15,0.40317,1.13924,0.382904,0.972933,0.382877,3.40679,0.40223,0.430276
106,0.0,0.159573,1.502165e-15,2.7303,1.22346e-14,0.358669,1.43462e-15,3.0739,1.01909e-14,0.403644,1.19332,0.385531,1.00083,0.38588,3.50712,0.40267,0.43750449999999996
107,0.0,0.173518,2.82329e-15,2.84832,9.87115e-15,0.368131,1.11155e-14,3.15635,1.12505e-14,0.403642,1.26325,0.387524,1.01076,0.388199,3.61356,0.402657,0.440429
108,0.0,0.179051,4.81799e-15,2.93576,6.75719e-15,0.358309,6.88105e-15,3.22809,1.12173e-14,0.403697,1.34304,0.388886,0.99261,0.389765,3.72641,0.402822,0.448556
109,0.0,0.177492,6.55362e-15,3.04156,5.003191e-15,0.37315149999999997,5.74399e-15,3.30507,1.98861e-14,0.403992,1.439555,0.389766,0.983929,0.390717,3.86407,0.403384,0.4508085
110,0.0,0.175521,5.30017e-16,3.211415,5.98699e-16,0.393307,5.31435e-15,3.40042,9.30715e-15,0.4053185,1.54376,0.390258,0.971233,0.391203,4.02217,0.404697,0.446473
111,0.0,0.192068,4.45356e-15,3.4058,1.53508e-14,0.381277,5.98351e-15,3.51266,2.02835e-15,0.407906,1.58957,0.390541,0.958397,0.391397,4.257479999999999,0.406921,0.444162
112,0.0,0.179405,8.08038e-15,3.4932,2.25818e-14,0.4031265,1.78737e-15,3.64422,1.28639e-15,0.410635,1.6212,0.39084,0.956474,0.391502,4.48595,0.409981,0.4418385
113,0.0,0.192276,8.622985000000001e-15,3.63188,1.14693e-14,0.426523,5.23119e-15,3.71155,2.13474e-15,0.413869,1.64441,0.391379,0.96694,0.391832,4.64073,0.413672,0.44235
114,0.0,0.196897,8.57541e-15,3.74154,4.49569e-15,0.467597,8.60686e-16,3.81093,5.81442e-15,0.4192815,1.66517,0.39236,0.974318,0.392601,4.77996,0.417742,0.439007
115,0.0,0.195515,3.09473e-16,3.84403,6.27932e-15,0.54752,1.41027e-15,3.89096,1.40437e-14,0.424725,1.69794,0.393879,1.02243,0.393902,4.92706,0.423865,0.44264349999999997
116,0.0,0.2050555,3.86956e-16,3.97089,2.59028e-15,0.618367,4.48491e-15,3.97301,2.12956e-15,0.428043,1.71576,0.396032,1.10494,0.395871,5.05688,0.429299,0.448026
117,0.0,0.217001,5.09994e-15,4.05271,7.028955e-15,0.663545,1.0208e-15,4.055,3.58338e-15,0.430932,1.72356,0.398759,1.20104,0.398531,5.18272,0.432145,0.444546
118,0.0,0.204504,2.75284e-15,4.249865,9.77822e-15,0.7331380000000001,5.59892e-10,4.192735,4.19441e-15,0.434186,1.75388,0.403493,1.30484,0.40343799999999996,5.318315,0.434136,0.4551005
119,0.0,0.218035,5.37711e-15,4.42764,1.35993e-15,0.798631,1.426985879e-06,4.3235,2.6281e-15,0.436066,1.79863,0.408389,1.42629,0.40869,5.43805,0.435126,0.466753
120,0.0,0.225785,1.46134e-15,4.55201,1.26497e-14,0.852883,1.7807e-05,4.41568,7.87252e-15,0.43645,1.85286,0.411367,1.53771,0.411947,5.50961,0.435425,0.471211
121,0.0,0.216825,3.45294e-15,4.67565,1.0178275e-14,0.925232,4.64419e-05,4.49736,4.87461e-15,0.436445,1.91648,0.413987,1.61948,0.414816,5.61205,0.435332,0.481794
122,0.0,0.232733,5.09468e-15,4.82526,1.32283e-14,1.0096,0.00012557,4.59707,5.60721e-15,0.436074,1.96737,0.416272,1.68502,0.417284,5.74018,0.43501,0.493829
123,0.0,0.225735,2.4014e-15,4.93872,1.23646e-14,1.12887,0.000274259,4.68624,3.16208e-15,0.435686,2.05929,0.418181,1.74537,0.419308,5.89455,0.434739,0.498394
124,0.0,0.233073,4.92529e-15,5.12126,1.64996e-14,1.13124,0.000495683,4.77463,7.99262e-15,0.435732,2.14798,0.419638,1.78836,0.420824,6.06367,0.434773,0.502809
125,0.0,0.23293000000000003,4.66245e-15,5.27698,7.4429e-15,1.22932,0.0011777585,4.921025,1.43632e-14,0.436134,2.21484,0.420602,1.82983,0.42176,6.330159999999999,0.43564,0.501263
126,0.0,0.243533,4.38814e-15,5.47923,7.28582e-16,1.31178,0.00234302,5.08475,5.02765e-16,0.4376815,2.26156,0.42113599999999995,1.87487,0.422133,6.63176,0.437813,0.493609
127,0.0,0.239035,5.6614150000000005e-15,5.56368,5.47623e-15,1.33544,0.00334442,5.18421,4.87779e-15,0.440388,2.32294,0.421092,1.91324,0.422132,6.81543,0.440299,0.4937
128,0.0,0.237488,5.53517e-16,5.7538,1.4043e-15,1.41887,0.00463506,5.30856,6.85456e-15,0.443015,2.44529,0.421006,1.98895,0.421988,6.98515,0.443506,0.4826295
129,0.0,0.244658,6.0258e-15,5.84792,6.0620300000000004e-15,1.50456,0.00629039,5.39195,2.0622e-15,0.446124,2.59148,0.421159,2.02825,0.421946,7.1625,0.447279,0.484389
130,0.0,0.240424,6.85358e-15,5.97934,4.19984e-15,1.49568,0.00840421,5.4976,1.01985e-15,0.4512085,2.65438,0.42171,2.0598,0.422308,7.31948,0.451284,0.481604
131,0.0,0.251124,5.86934e-15,6.14537,4.51582e-15,1.58719,0.00956294,5.6390899999999995,2.00469e-15,0.456242,2.72187,0.422771,2.14779,0.423252,7.45441,0.455061,0.4803595
132,0.0,0.239064,1.04411e-14,6.26219,2.07098e-15,1.65979,0.0135061,5.77118,3.75875e-15,0.459077,2.78888,0.424344,2.256,0.424826,7.638065,0.458208,0.490077
133,0.0,0.255649,8.35563e-15,6.4697499999999994,3.1511605e-15,1.67655,0.0161618,5.84351,3.57585e-15,0.4620515,2.87555,0.427605,2.37619,0.426967,7.76883,0.460584,0.490985
134,0.0,0.24724849999999998,3.33431e-15,6.69421,2.51121e-15,1.770845,0.0189423,5.90179,7.75298e-15,0.463785,2.95273,0.431435,2.49055,0.429538,7.86313,0.462619,0.492012
135,0.0,0.266557,4.01425e-15,6.80208,1.78613e-15,1.8243,0.0201488,5.95705,1.63195e-15,0.464184,3.02998,0.434179,2.57447,0.43382350000000003,7.96487,0.463175,0.5070954999999999
136,0.0,0.246383,4.80656e-15,6.94274,1.38283e-14,1.90885,0.0233831,6.09108,4.22109e-15,0.464106,3.10701,0.436927,2.66222,0.438226,8.07585,0.462769,0.515827
137,0.0,0.259601,1.2604e-14,7.08342,1.0187684999999999e-14,2.01544,0.0243895,6.263625,6.11233e-15,0.4632775,3.2024049999999997,0.439531,2.73834,0.440997,8.18823,0.46196,0.519924
138,0.0,0.261343,3.40583e-15,7.17285,7.05222e-15,2.14787,0.0200001,6.4544,4.67403e-15,0.462793,3.27901,0.441779,2.85187,0.443326,8.35121,0.461047,0.5333920000000001
139,0.0,0.244755,1.65274e-15,7.34805,4.69702e-15,2.2,0.0229363,6.5775,5.256e-15,0.478394,3.35475,0.443534,2.96993,0.445073,8.668534999999999,0.460461,0.545629
140,0.0,0.272641,9.0556e-16,7.513719999999999,1.07557e-14,2.29676,0.019789,6.71774,8.70321e-16,0.512738,3.46151,0.445177,3.07845,0.446229,8.99927,0.460468,0.548119
141,0.0,0.252033,4.461145e-15,7.72228,1.065293e-14,2.38728,0.0149461,6.8301,2.75737e-15,0.565068,3.61531,0.445971,3.22769,0.446868,9.22623,0.461201,0.5527120000000001
142,0.0,0.265995,4.44284e-15,7.84213,1.93438e-15,2.48275,0.0123167,6.96819,8.94485e-15,0.593969,3.78827,0.446046,3.4332,0.44704,9.41109,0.462774,0.558158
143,0.0,0.26408849999999995,5.35065e-15,8.02903,9.06679e-15,2.60547,0.00857004,7.28562,7.18174e-15,0.63455,3.9261,0.445922,3.58381,0.446912,9.56682,0.46514,0.558802
144,0.0,0.273859,3.92078e-16,8.09445,2.16022e-14,2.69325,0.0011177093,7.55276,5.21481e-15,0.705489,4.15794,0.445701,3.85961,0.446653,9.74745,0.46982999999999997,0.553858
145,0.0,0.259519,7.71974e-16,8.2101,4.82826e-15,2.79251,0.0064349,7.74793,6.68195e-15,0.79028,4.4525,0.445486,4.09642,0.446378,9.89786,0.475049,0.558408
146,0.0,0.28386,2.29988e-15,8.34715,9.48037e-15,2.88714,0.0103119,7.90057,7.74383e-15,0.846265,4.6584,0.445497,4.26641,0.446328,10.05865,0.478491,0.562519
147,0.0,0.267889,3.68936e-15,8.43377,3.99351e-15,3.0184550000000003,0.0122766,8.09597,9.74347e-16,0.9095219999999999,4.86815,0.4463465,4.43228,0.446709,10.2123,0.481531,0.5632505
148,0.0,0.266453,5.17163e-15,8.702874999999999,2.23319e-15,3.26183,0.0152787,8.372975,5.22221e-15,0.929756,5.06877,0.448138,4.58467,0.447609,10.2869,0.483823,0.554351
149,0.0,0.283223,5.264665e-15,8.81052,4.39079e-16,3.46781,0.0156216,8.66307,1.2873e-14,0.941468,5.25135,0.450015,4.69434,0.449095,10.3747,0.485155,0.566222
150,0.0,0.271619,4.49914e-15,8.65203,5.33182e-15,3.76759,0.0183349,8.91726,9.66552e-15,0.9276985,5.43229,0.452283,4.79628,0.451186,10.4376,0.485536,0.574906
151,0.0,0.278772,1.37461e-15,8.5949,1.07895e-14,4.02849,0.0191462,9.05936,1.271475e-14,0.912269,5.62695,0.454728,4.91385,0.453741,10.5606,0.485098,0.5704830000000001
152,0.0,0.2762975,1.81037e-16,8.61027,1.15987e-15,4.16685,0.0205647,9.31635,3.80755e-15,0.886371,5.828725,0.457142,5.05391,0.4577545,10.6996,0.484166,0.573907
153,0.0,0.278045,5.49747e-15,8.74704,1.1203224999999999e-14,4.22975,0.0208728,9.52709,1.08257e-14,0.8511455,5.99273,0.45942,5.19537,0.461462,10.666350000000001,0.4824555,0.575952
154,0.0,0.268025,3.12902e-15,8.89167,1.39813e-14,4.34619,0.021927,9.803045000000001,9.68388e-15,0.81195,6.07856,0.46235400000000004,5.33733,0.463533,10.6884,0.480931,0.576345
155,0.0,0.292578,5.40441e-15,8.97459,1.04506e-14,4.41671,0.0234723,10.1406,3.03356e-15,0.787984,6.15981,0.464601,5.5345,0.465179,10.8526,0.480424,0.590406
156,0.0,0.270096,3.8776758e-15,9.12293,1.37315e-14,4.41715,0.0258967,10.3542,9.16806e-15,0.7702405,6.25307,0.465564,5.76096,0.466356,10.9048,0.480703,0.598311
157,0.0,0.283217,5.67222e-17,9.30819,6.6147e-15,4.46524,0.025998649999999998,10.5218,1.18335e-15,0.782691,6.34158,0.465959,6.0089,0.466909,10.891,0.481873,0.5966745
158,0.0,0.280683,8.99749e-16,9.51962,1.01664e-14,4.44665,0.0295752,10.7384,8.69123e-15,0.816282,6.51551,0.46579,6.20053,0.466784,11.0769,0.483973,0.593639
159,0.0,0.276642,9.6175e-15,9.6501,4.24089e-15,4.44295,0.0292742,10.981349999999999,8.92265e-15,0.831891,6.756315,0.465259,6.37444,0.466197,11.3483,0.486944,0.607318
160,0.0,0.274874,5.81479e-15,9.73928,1.27435e-15,4.38464,0.0318399,11.2101,4.31773e-15,0.8829855,7.0516,0.464589,6.545275,0.465415,11.7539,0.490484,0.6184000000000001
161,0.0,0.2727135,6.40591e-15,9.88661,1.3818745e-14,4.29949,0.0394093,11.4342,2.12583e-14,0.914539,7.26062,0.46375,6.63774,0.464669,12.1776,0.494063,0.621239
162,0.0,0.306279,1.43915e-15,10.1164,4.16461e-15,4.22729,0.0262202,11.6388,1.87257e-14,0.945982,7.39512,0.463513,6.713,0.464223,12.4268,0.497317,0.627118
163,0.0,0.297372,4.86233e-15,10.36575,6.83205e-15,4.1340699999999995,0.0295973,11.7852,6.37764e-15,0.9852045,7.56596,0.463917,6.73972,0.464242,12.7403,0.5007695,0.6501790000000001
164,0.0,0.358316,2.93311e-15,10.6887,1.07366e-14,4.08583,0.0278008,12.0446,7.7259e-15,1.01939,7.84792,0.464757,6.80582,0.464791,13.1942,0.502477,0.630663
165,0.0,0.268441,8.39018e-15,10.7803,8.8101e-15,4.04229,0.0307856,12.2605,1.77232e-14,1.03054,8.09677,0.466025,6.82509,0.465907,13.5319,0.502505,0.610747
166,0.0,0.335204,1.55846e-15,11.0479,1.45766e-14,4.048114999999999,0.0311021,12.5142,8.5623e-16,1.0177399999999999,8.437055,0.467677,6.82349,0.46748,13.7154,0.501748,0.607808
167,0.0,0.277738,1.62813e-15,11.0785,2.81155e-15,4.03631,0.0275004,12.74,7.39351e-15,0.982417,8.86014,0.469651,6.86105,0.469467,13.8644,0.500319,0.5869835
168,0.0,0.286323,1.46059e-15,10.2398,1.17134e-14,4.05844,0.0294612,12.8447,8.28804e-13,0.974738,9.05077,0.4729565,7.01168,0.471786,14.115300000000001,0.49855,0.574497
169,0.0,0.306066,3.40384e-15,10.7105,4.469135e-15,4.07459,0.0274062,13.086,4.02163e-10,0.9467435,9.20086,0.476246,7.21915,0.4755105,14.1667,0.496873,0.586413
170,0.0,0.288692,6.438215e-15,10.7937,9.27664e-15,4.1002600000000005,0.0799486,13.34375,3.39098e-07,0.936031,9.35698,0.478067,7.683635000000001,0.478871,14.1683,0.495591,0.5889059999999999
171,0.0,0.265551,4.24359e-15,10.89635,1.30764e-14,4.15401,0.117149,13.5489,1.91375e-05,0.933422,9.42923,0.479368,8.16342,0.480394,13.522,0.494946,0.592982
172,0.0,0.290352,6.49727e-15,10.4156,1.74072e-14,4.18565,0.185033,13.0743,0.000108105,0.936909,9.46064,0.480127,8.51155,0.481204,13.4229,0.4956975,0.61561
173,0.0,0.325184,7.11276e-15,10.7683,1.283335e-14,3.61243,0.211166,12.4706,0.000201125,0.948854,9.5005,0.480381,8.85141,0.481355,13.0698,0.498151,0.611496
174,0.0,0.225032,7.2547e-16,9.64036,5.92251e-15,3.35086,0.311009,12.4404,0.00024202,0.974107,9.700985,0.48016,9.06443,0.48095,10.7686,0.500838,0.622969
175,0.0,0.306571,5.17845e-15,9.79424,1.54191e-14,3.34705,0.386883,12.9,0.000425917,1.002,9.77014,0.479533,9.14782,0.480084,9.7095,0.504116,0.629197
176,0.0,0.363961,1.96075e-17,10.1104,2.17201e-15,3.45153,0.481975,12.794599999999999,0.0004949885,1.059475,9.71753,0.4780295,9.17397,0.478907,8.20811,0.507529,0.6774175
177,0.0,0.317412,5.53741e-15,10.1297,6.019295e-15,3.22211,0.526543,12.531,6.47918e-05,1.08785,9.88896,0.47643,9.07991,0.47766,8.9652,0.51073,0.713824
178,0.0,0.338333,4.10381e-15,10.3955,3.78301e-15,3.73005,0.59211,12.7373,2.19069e-05,1.08459,10.1555,0.475707,8.94745,0.47666,7.64134,0.513322,0.695349
179,0.0,0.3386675,3.73437e-15,11.6558,9.82111e-15,3.83577,0.698082,12.7293,0.000347296,1.059185,10.3823,0.475465,8.93633,0.476113,9.66238,0.514866,0.714587
180,0.0,0.289183,4.37567e-16,10.2368,1.48788e-15,3.70951,1.02153,12.9192,0.000244831,1.02037,10.5751,0.475808,8.99865,0.476175,10.4392,0.515169,0.7254555
181,0.0,0.328142,8.2359e-15,10.844,1.2143645e-14,4.41126,1.38884,13.2701,0.00020067,0.998955,11.07535,0.476765,9.01077,0.476958,11.3244,0.514369,0.726404
182,0.0,0.32129,3.44952e-15,11.7925,1.36155e-14,4.36055,1.95683,13.3922,0.00211962,0.960286,11.5642,0.478202,9.02971,0.478391,12.075050000000001,0.5117925,0.736905
183,0.0,0.257193,1.20118e-14,10.1804,9.70632e-15,4.26108,2.38797,13.576,0.000448862,0.909353,12.0463,0.48097900000000005,9.319205,0.480299,14.1418,0.508699,0.736912
184,0.0,0.318373,2.81843e-15,11.812,4.63892e-15,5.01901,2.5919,13.9201,0.00142344,0.860599,12.5227,0.484002,9.75305,0.482537,15.0804,0.506758,0.68695
185,0.0,0.251742,1.25272e-15,10.8057,9.341060000000001e-15,4.69038,2.65974,14.0404,0.0005341215,0.8187745,12.4807,0.485873,10.1972,0.484834,16.3182,0.50524,0.689472
186,0.0,0.25171,1.2906e-15,11.39175,9.77359e-15,5.035270000000001,2.72492,14.34185,0.00718308,0.800146,10.4774,0.487579,10.6986,0.48787349999999996,17.3422,0.50436,0.6821575
187,0.0,0.293479,6.7387e-15,11.757,1.16447e-14,5.55951,2.73048,14.6553,0.00337308,0.811792,10.1469,0.488979,11.0588,0.490233,15.28,0.504395,0.651315
188,0.0,0.2737855,2.93574e-15,11.7533,4.9952e-15,5.34547,2.70564,14.8045,0.0112985,0.835261,9.473379999999999,0.489891,11.3316,0.491026,15.1364,0.505484,0.684065
189,0.0,0.292821,5.31579e-15,11.671,1.1880629999999999e-14,5.57743,2.62484,14.7627,0.0153921,0.8878805000000001,8.06238,0.490153,11.4385,0.490987,12.41665,0.507521,0.7250565
190,0.0,0.291621,3.3341e-17,12.8204,4.28831e-16,5.92669,2.52163,14.9691,0.0159587,0.95975,7.29111,0.4892185,11.4495,0.490148,10.2086,0.510273,0.840983
191,0.0,0.288397,1.680117e-15,11.6988,5.52009e-15,5.58611,2.36497,14.79855,0.0243808,0.999262,9.43402,0.487281,11.497,0.488693,10.3365,0.5150475000000001,1.01436
192,0.0,0.340478,3.78661e-15,12.2194,1.4759e-14,5.844165,2.10276,14.916,0.0254297,1.07873,10.0325,0.485684,11.5142,0.486878,8.92359,0.51942,1.26334
193,0.0,0.325389,3.91832e-15,12.01545,3.19078e-15,6.18214,1.83279,14.5378,0.0379108,1.16564,10.3288,0.484208,11.5634,0.485105,8.97972,0.521441,1.46777
194,0.0,0.301,3.07696e-16,13.1588,6.17072e-15,5.65605,1.38843,14.5819,0.041071449999999995,1.2,9.37683,0.483052,11.66265,0.483696,9.30499,0.522481,1.65743
195,0.0,0.32515,4.05052e-15,12.5682,5.67234e-15,6.152895,1.02665,14.4727,0.0542751,1.2454800000000001,11.08755,0.482335,11.9413,0.482824,9.56069,0.522455,1.84503
196,0.0,0.281609,2.31182e-15,12.7914,5.15704e-15,6.24096,0.857133,14.70625,0.0594864,1.25052,11.2583,0.482157,12.2373,0.482608,11.222349999999999,0.52134,2.06883
197,0.0,0.34524449999999995,1.47483e-15,12.9607,8.69858e-15,6.0128,0.74003,15.16,0.0653902,1.24514,12.8608,0.4831685,12.6536,0.483159,13.3941,0.51929,2.20991
198,0.0,0.321799,1.42174e-15,13.0036,4.66083e-15,6.364739999999999,0.620758,12.8355,0.0692997,1.239825,14.3918,0.48521,13.17,0.484361,14.5792,0.516632,2.2514
199,0.0,0.385,2.055101e-15,13.9132,1.05827e-14,6.16634,0.597053,13.5202,0.077181,1.27644,13.2352,0.487083,13.7506,0.486078,16.3413,0.513842,2.10823
200,0.0,0.365312,5.5712e-15,13.3388,1.19014e-14,6.24957,0.5453034999999999,12.7718,0.0861713,1.29731,12.7009,0.489172,14.46485,0.488197,17.1621,0.510565,1.8192
201,0.0,0.397838,8.01086e-16,13.85505,7.23521e-15,6.48282,0.52355,12.65745,0.0862304,1.337755,12.9375,0.491197,15.1496,0.490495,16.8111,0.509014,1.62725
202,0.0,0.36506,7.99619e-16,14.6927,4.83838e-15,6.352385,0.488369,15.2667,0.0992188,1.37344,12.1119,0.492914,15.4373,0.4927,18.374,0.509236,1.35534
203,0.0,0.4611485,1.87435e-15,14.6352,1.85281e-14,6.51436,0.505503,12.2052,0.050108055000000006,1.41055,12.1572,0.494143,15.613,0.49499899999999997,17.3615,0.510381,1.07289
204,0.0,0.445073,1.37584e-15,14.1341,6.97032e-15,6.42488,0.487599,9.00737,0.0577034,1.45802,13.4523,0.494784,15.6916,0.495816,16.7375,0.512377,0.96802
205,0.0,0.478421,1.20415e-14,15.1528,8.047925e-15,6.769209999999999,0.649813,0.0595327,0.0381658,1.57243,13.137,0.494122,15.73915,0.49525,13.7782,0.515045,0.9014165000000001
206,0.0,0.452816,8.28789e-15,14.3951,1.11133e-14,6.96671,0.737306,9.2378,0.10489,1.6799,14.1519,0.492966,15.4922,0.493981,12.974,0.518049,0.918626
207,0.0,0.494681,3.47769e-15,15.1555,1.76019e-14,6.93936,0.9546304999999999,2.19466,0.140606,1.73861,13.5681,0.491349,15.5381,0.492215,11.5886,0.521051,1.08377
208,0.0,0.7917915,2.24456e-15,14.57895,6.69914e-15,7.3869299999999996,1.24504,12.8507,0.274235,1.7997999999999998,11.96875,0.489381,15.5382,0.490149,11.1455,0.523571,1.47857
209,0.0,1.76882,3.89654e-15,15.3822,1.079733e-14,7.62327,1.46375,3.20896,0.4011015,1.83411,11.2524,0.487337,15.6542,0.495203,11.6132,0.52518,1.90987
210,0.0,2.4297,8.60574e-16,16.6651,1.41993e-14,7.51737,1.61255,10.7814,0.601601,1.82974,13.9956,0.485626,15.8298,0.60315,11.48685,0.5252155000000001,2.27176
211,0.0,2.84866,5.23227e-15,17.6607,1.35442e-14,7.82897,1.81518,5.863989999999999,0.71293,1.8650449999999998,12.6406,0.48946500000000004,16.0847,0.774453,4.11528,0.522953,2.53492
212,0.0,2.98172,1.81441e-15,17.8845,1.08997e-14,8.04648,2.293895,0.726763,0.741762,1.87212,13.4313,0.531483,16.3409,1.03493,4.93936,0.520326,2.786735
213,0.0,2.9452249999999998,4.2020250255684e-07,18.4983,1.3089215e-14,8.07878,2.72272,11.7653,0.832454,1.84443,12.709,0.586282,16.7361,1.28426,0.800041,0.517414,2.88396
214,0.0,2.69612,0.000106424,18.0453,2.58885e-15,8.496099999999998,3.07609,4.53297,1.01419,1.785895,15.345400000000001,0.707594,17.43825,1.5839750000000001,1.23077,0.514545,2.74331
215,0.0,2.59883,0.000848481,17.834,4.60246e-15,8.68876,3.32644,5.70982,1.216765,1.78262,15.8269,0.805858,18.2284,1.97065,1.41792,0.512,2.3975049999999998
216,0.0,2.49827,0.00203625,17.8976,1.25136e-15,8.90825,3.65113,4.93881,1.38604,1.78985,15.6237,0.971312,18.5089,2.24443,0.443734,0.510125,1.97633
217,0.0,2.34168,0.00302956,17.8701,1.1464425e-14,9.01509,4.01981,12.1285,1.38191,1.8181699999999998,18.130049999999997,1.1366,18.7582,2.53769,2.4159785,0.509235,1.59396
218,0.0,2.378335,0.0053123,18.3058,9.55479e-15,9.01433,4.36936,5.43634,1.46703,1.90843,18.0281,1.24958,19.21425,2.65601,7.29977,0.509442,0.928044
219,0.0,2.29114,0.0077217,18.7974,3.53538e-15,8.96663,4.63125,10.1049,1.37039,1.96632,18.9624,1.38334,19.3777,2.52349,4.41832,0.5118739999999999,0.44247
220,0.0,2.0505,4.02675e-05,11.96455,9.46778e-15,9.15421,4.76706,6.6704,1.52731,2.0148,18.70245,1.49144,19.5867,2.32378,9.96261,0.515705,0.21601
221,0.0,2.07272,0.00607759,0.307553,4.5477290000000004e-15,9.169905,4.85143,9.32254,1.52167,2.1419550000000003,19.15,1.54204,19.7757,2.02006,12.771,0.518517,0.12811250000000002
222,0.0,2.14278,0.0231959,19.1755,1.48865e-14,9.04143,4.90292,8.924005,1.554545,2.26673,20.698,1.4755,19.970799999999997,1.78964,14.7641,0.521038,0.237907
223,0.0,2.34533,0.043681300000000006,2.23532,1.59151e-14,9.29424,4.79972,9.30995,1.62153,2.38375,20.6882,1.38825,20.5186,1.3412,21.9838,0.52297,0.606049
224,0.0,2.5675,0.0677121,19.8274,1.43529e-14,9.303059999999999,4.71167,3.39346,1.66967,2.5474300000000003,20.0871,1.28077,20.6025,0.861112,13.345600000000001,0.523994,1.0547
225,0.0,2.87189,0.0807309,3.46492,5.63795e-15,9.08606,4.7059,14.3708,1.71935,2.75345,20.8116,1.17635,20.8498,0.56876,10.6952,0.523875,1.67601
226,0.0,3.17295,0.090964,10.19799,9.83221e-15,9.42152,4.58136,0.241168,1.73411,2.79815,18.7243,1.0105835,21.4677,0.377997,8.6911,0.522593,2.42556
227,0.0,3.790255,0.103258,6.71717,2.34471e-15,9.32394,4.51893,8.526885,1.85881,2.910815,19.7797,0.867344,22.068,0.288696,4.24001,0.520298,2.8718
228,0.0,4.27553,0.120559,19.3976,5.75424e-15,9.15163,4.38416,12.2623,2.2167250000000003,2.9859,21.0825,0.813832,22.4352,0.423013,4.01635,0.517175,3.482885
229,0.0,4.4196,0.134595,1.19002,3.876145e-15,9.4942,4.35613,7.22124,2.49384,3.03703,21.0308,0.779379,22.7204,0.58241,2.75102,0.512094,4.00794
230,0.0,4.65053,0.140833,18.3874,4.67164e-15,9.411235,4.27921,12.253,2.71745,3.10421,20.79815,0.794766,23.142249999999997,0.76666,0.487827,0.507886,4.12029
231,0.0,4.61017,0.155119,5.40922,1.40653e-14,10.1848,4.39373,8.178925,2.83132,3.14384,19.5414,0.8869724999999999,23.2212,1.07795,0.9890939999999999,0.506255,3.896975
232,0.0,4.52706,0.167628,11.1538,6.34394e-15,10.976,4.38546,13.127,2.98043,3.06257,20.9333,1.03393,23.3597,1.4371049999999999,2.8587,0.505682,3.65703
233,0.0,4.44776,0.16610049999999998,10.6471,2.8239974999999998e-15,11.5438,4.55878,5.40965,3.00314,3.0740600000000002,21.424149999999997,1.15315,23.4292,1.85301,0.815853,0.506083,3.41057
234,0.0,4.31364,0.178756,15.0855,7.18503e-16,12.37705,4.57411,12.8599,3.0869600000000004,3.11773,23.0553,1.25011,23.403,1.99826,3.14237,0.507356,3.080495
235,0.0,4.34829,0.169933,7.92776,2.96286e-15,12.7612,4.8065,6.18053,3.10596,3.22527,23.056,1.30085,23.567749999999997,2.06546,6.29258,0.509339,2.73391
236,0.0,4.296335,0.167206,18.3306,7.89207e-15,12.9923,4.92097,9.89732,3.04941,3.29891,24.3358,1.3634300000000001,24.1351,1.97436,5.60414,0.51181,2.60186
237,0.0,4.28839,0.166348,5.56035,5.78765e-15,13.4927,5.10368,9.86704,3.05257,3.554135,27.2849,1.45647,23.958,1.86214,9.6156,0.514434,2.2496549999999997
238,0.0,4.2147,0.16578199999999998,13.8172,2.72944e-15,13.985,5.534515,9.35762,2.96735,3.62773,26.392,1.50875,24.1798,1.64673,9.9246,0.5173945,2.04512
239,0.0,4.10955,0.180504,9.90045,8.56471e-15,14.3362,5.81146,8.67285,2.67089,3.67316,25.198700000000002,1.56797,25.0448,1.40462,10.7319,0.529477,2.02394
240,0.0,4.12476,1.15787,15.1722,1.32371e-14,14.705549999999999,6.20405,10.3886,2.654055,3.78669,26.3873,1.56675,25.8393,1.0977899999999998,11.6687,0.731907,2.13306
241,0.0,4.07783,1.96815,9.52741,1.58827e-14,14.9462,6.36695,9.638275,2.6301,3.92377,26.2601,1.512085,26.3148,0.990742,7.13394,1.0146,2.55163
242,0.0,4.13383,2.52713,17.665,3.76726e-15,14.8115,6.72262,7.42289,2.43076,4.02791,25.66005,1.48961,27.1488,0.966358,5.90841,1.60207,2.97731
243,0.0,4.38493,2.983105,11.9366,7.18778e-15,14.54705,6.86966,12.236,2.43715,4.245995000000001,25.7061,1.53805,27.94105,1.04201,4.02101,1.99679,3.28483
244,0.0,4.7207550000000005,3.06996,17.088250000000002,2.73515e-15,13.7377,7.0467,8.07027,2.3241,4.33161,25.2499,1.59308,28.3686,1.29203,6.36828,2.35479,3.78046
245,0.0,5.13269,2.99902,19.6703,3.595595e-15,13.407,7.13832,11.9985,2.36101,4.40956,25.5461,1.66032,28.3894,1.56041,0.8090335,2.9072,4.28803
246,0.0,5.49443,2.89837,19.0163,2.56309e-15,12.86335,7.18577,9.697845000000001,2.33538,4.522435,26.39845,1.79437,28.4843,1.97952,0.43589,3.18449,4.73546
247,0.0,5.61002,2.6958,16.5705,1.74544e-15,12.4552,7.31405,9.66597,2.52865,4.65569,27.9345,1.88597,28.20375,2.83621,5.27806,3.47549,5.43593
248,0.0,5.79286,2.4957599999999998,21.091,5.45552e-15,12.2297,8.703735,10.6441,2.46169,4.70573,27.6639,1.91695,28.4857,3.63378,1.80811,3.49838,5.97414
249,0.0,6.148540000000001,2.36128,19.0821,4.759385999999999e-15,11.574300000000001,10.0673,11.3413,2.73539,4.920655,26.926099999999998,1.89897,28.369,3.9608,8.28148,3.06643,6.10998
250,0.0,6.35441,2.26688,22.329050000000002,7.50676e-16,11.2859,10.6825,11.4422,2.90432,5.17704,28.3013,1.85743,28.2469,4.09327,8.97814,2.04397,6.05368
251,0.0,6.66698,2.03706,24.649,2.52833e-15,11.4036,11.0248,12.4555,2.97578,5.16968,28.3091,1.77407,28.5268,4.13786,10.2747,1.07253,6.15889
252,0.0,6.66998,1.92553,20.3665,3.9851e-15,11.2267,11.3039,13.7513,3.3282100000000003,5.36316,24.4185,1.62831,29.03215,4.1235,10.497015000000001,0.424861,6.24806
253,0.0,7.254295,1.80233,21.377,6.32022e-15,11.154250000000001,11.4375,11.1855,3.8238,5.60057,17.4465,1.49647,29.809,4.15478,10.0724,0.140052,6.212375
254,0.0,8.31822,1.83412,21.9568,2.56804e-15,11.2311,11.9604,15.8457,3.96855,5.92725,16.6921,1.32907,30.8044,4.23119,7.82609,0.574658,6.06523
255,0.0,9.07163,2.05677,21.0506,7.94136e-15,11.1381,12.3418,12.812249999999999,4.20441,6.12791,12.56877,1.17828,31.6855,3.876925,11.9138,0.753877,5.95112
256,0.0,9.52741,2.18623,22.5009,2.21969e-15,11.7955,12.839,12.5942,4.67765,6.283875,10.4383,1.07434,32.55095,3.20089,8.38675,0.813605,5.644165
257,0.0,9.71002,2.59617,23.20415,2.3627400000000002e-15,12.2854,13.282250000000001,13.5557,4.71018,6.38106,8.91363,1.040105,33.4357,2.87004,8.32193,0.34749949999999996,5.45413
258,0.0,9.835645,3.100535,24.5403,8.46447e-15,12.4502,13.4224,12.1181,5.160825,6.48069,10.40949,1.10125,33.7067,2.75734,4.19147,1.05876,5.46478
259,0.0,9.81032,3.6264,26.894,1.84025e-14,12.709,13.4135,14.4597,5.68354,6.609825,8.99193,1.19726,34.068,2.8508,5.53245,1.92617,5.52198
260,0.0,10.9775,3.92437,27.3641,8.85757e-15,13.2191,13.2191,12.4694,5.99309,7.01152,19.0014,1.35864,34.57725,3.12569,6.74806,2.76414,5.89925
261,0.0,13.2853,4.24554,26.8912,1.0413879999999999e-14,13.1203,12.6431,15.585,6.09796,6.97193,18.723950000000002,1.60503,34.5541,3.48342,11.254,3.37151,6.33925
262,0.0,15.241,4.47489,30.1168,1.05751e-13,13.33605,11.986799999999999,12.3878,6.60328,6.935155,23.6585,2.1354100000000003,34.284,3.898675,11.2843,3.68137,6.52117
263,0.0,16.345,4.316435,30.03455,2.22635e-12,13.5427,11.5886,13.704,6.6526499999999995,6.99914,26.9384,2.78379,34.397,4.55138,13.5114,3.76254,6.520375
264,1.03561e-08,16.3068,4.14701,34.7031,9.627915e-13,13.4442,11.3316,14.151299999999999,6.9235,7.01894,29.1963,3.32387,34.2076,5.12073,16.6996,3.59614,6.78939
265,4.48655e-09,15.9912,3.91315,32.8258,0.00425736,14.076250000000002,10.9349,12.7994,6.76564,7.155995000000001,30.7869,3.84333,34.6237,5.80679,19.274250000000002,3.10803,7.13481
266,3.40797e-10,16.370199999999997,3.69966,39.241,0.00776042,13.8496,10.57665,16.0691,6.74797,7.53356,28.7309,4.35789,35.1941,6.2568,24.8463,2.45741,7.49956
267,1.1776e-09,16.5971,3.50513,35.8869,0.018372199999999998,14.4935,10.0923,13.9857,6.89321,7.63067,29.558,5.058,35.834,6.61852,25.0225,1.83404,7.37524
268,6.08165e-10,17.5881,3.263025,40.60535,0.0330682,15.099699999999999,9.99167,15.3847,7.21257,7.79142,30.6899,5.77845,36.3724,6.90631,22.2217,0.9389265,7.13574
269,9.55021e-11,18.3794,2.94163,43.6912,0.0485509,15.9265,9.78475,15.6431,6.948425,7.98555,23.4984,6.19781,37.6115,6.98974,19.5148,0.423062,6.793445
270,9.94087e-05,19.6992,2.77132,43.5601,0.07362315,16.7521,9.5129,15.5742,7.12726,8.19001,20.150199999999998,6.51336,38.668,7.158379999999999,19.7729,0.531596,6.6929
271,0.00781385,20.609900000000003,2.74356,45.5366,0.0916996,18.4459,9.6141,15.764,7.0087,8.51582,23.5979,6.7782,39.3632,7.46718,18.5007,0.900289,6.74137
272,0.0255741,21.0537,2.45133,48.6229,0.0912941,20.0631,9.88235,17.1344,7.10747,8.802595,20.2347,6.878875,40.5328,7.62931,17.0687,1.58845,6.863995
273,0.0490169,21.3547,2.31485,46.7848,0.10292,20.7982,9.95542,17.178350000000002,6.90688,9.2568,19.8032,6.73247,41.44445,7.76705,16.0906,3.104445,6.90293
274,0.0620969,21.0897,2.22476,50.2137,0.112129,21.47655,10.1845,19.0142,7.015275,9.37604,22.587600000000002,6.54738,41.9123,7.9603,15.7492,4.72754,7.11759
275,0.0723441,21.387,2.35238,50.6254,0.105854,22.2434,10.6364,16.9318,7.59536,9.54617,25.2351,6.22162,42.4711,7.98961,13.8658,5.62014,7.4553
276,0.0855931,22.5475,2.71263,50.905,0.113274,22.6482,10.89675,20.3685,7.34202,9.80506,27.6662,5.84627,42.6347,8.08127,15.529,6.40291,9.07833
277,0.101302,23.3989,3.10956,51.4176,0.096622,23.6996,11.4657,20.9685,7.57352,9.85371,34.225049999999996,5.197345,43.0452,8.558035,19.9192,7.383800000000001,11.9305
278,0.128857,24.3654,3.6231,54.1664,0.0949769,24.1098,11.7716,20.07095,8.03965,10.19925,36.1553,4.55123,43.9053,9.10589,18.4377,7.63066,13.8835
279,0.144017,26.551499999999997,4.34769,54.28905,0.0899075,24.7438,12.397,24.439,8.028,10.2577,40.5293,4.1985,44.1502,9.32859,22.0512,7.39048,15.356300000000001
280,0.1944835,28.4384,4.7703,54.0187,0.059406099999999996,25.6442,13.3443,21.2114,8.41426,10.2155,42.43155,4.03353,44.8759,9.61903,24.3354,6.87584,17.8664
281,0.233305,29.355,5.04321,59.0085,0.0480252,26.2798,14.1645,26.1573,8.65755,10.33575,45.8464,3.96729,46.12325,10.0349,25.3336,6.06327,19.5044
282,0.272889,30.3914,5.407525,56.6275,0.0439671,27.2135,14.1293,24.9624,8.66489,10.5465,42.1592,4.31711,47.9846,10.0629,28.7438,4.904495,21.963549999999998
283,3.06753,32.3794,5.7307,58.6426,0.02782155,27.9284,15.4126,27.2337,9.37796,10.6887,41.0656,4.94965,49.2848,10.132,30.331249999999997,4.19872,24.6751
284,8.10987,33.6059,6.16003,60.00775,0.0161558,29.4893,16.029,30.9199,9.21167,11.27665,41.8302,5.51212,50.8565,10.632,35.4471,3.89028,25.7041
285,11.8324,34.6139,6.41528,61.0803,0.00941349,29.8283,16.95695,28.3166,9.920085,11.716,36.176,6.16363,53.03955,11.0438,33.6358,3.74586,25.23145
286,14.3993,36.182900000000004,6.9982,63.4072,0.0124316,30.3234,17.9572,30.3127,10.1818,12.0597,34.95685,6.87012,54.6736,11.5047,35.285,4.343135,24.4942
287,16.7296,38.2613,8.0234,66.4501,0.00899409,31.0659,17.8892,28.863,10.6072,12.3133,36.1313,7.88209,55.9771,12.1652,35.5079,5.60133,23.9348
288,19.22935,39.8972,9.21374,66.8919,0.753723,30.9042,18.1852,27.637,10.4504,13.04505,34.0859,8.68019,57.3167,12.8682,33.17545,6.8073,23.75065
289,20.8968,41.60015,11.2756,68.5399,1.57208,32.011849999999995,18.4496,28.9864,11.1499,14.1215,35.33675,9.10034,58.6737,13.5031,33.2801,8.18093,23.6394
290,22.8692,43.6913,12.6954,68.80924999999999,2.62161,32.6977,18.7879,28.8671,11.066099999999999,14.8489,40.7737,9.34281,59.5259,14.473,34.4089,9.65359,24.2513
291,24.3058,44.9018,13.6052,69.7196,3.21575,33.4958,19.2173,27.9812,11.5214,15.5166,45.3871,9.45216,59.9775,16.39515,34.651,11.4981,25.643349999999998
292,25.0828,45.946349999999995,14.2869,72.5047,3.2536,34.6543,19.8225,30.881,11.9618,15.8634,49.412949999999995,9.386115,60.2363,18.4295,36.7731,12.7728,26.8251
293,25.8197,47.1064,14.4015,73.6611,3.1400550000000003,35.4875,19.8978,31.3363,12.1489,16.0485,52.2841,9.15941,61.0749,19.8728,36.8656,13.3725,28.2433
294,24.9804,47.4304,14.5358,75.0808,2.89925,36.1145,21.01795,32.0384,12.356,16.37585,52.8914,8.9254,61.676249999999996,21.192,38.7311,13.5306,31.2934
295,24.3334,47.820800000000006,14.4906,77.76685,2.90495,36.8413,21.2558,33.2072,12.849,16.5171,51.4777,8.64598,63.8936,22.11,36.8226,13.2593,33.532
296,21.152099999999997,47.7819,14.696850000000001,80.9433,2.823735,37.38905,21.5466,32.6399,13.77385,16.5288,53.68385,8.45562,65.1764,22.56,37.8332,12.74695,35.1915
297,18.6523,48.1595,14.6316,79.6546,2.87352,38.7487,22.2688,34.6343,14.7245,16.67885,51.202,8.102585000000001,66.0321,23.99895,39.3737,11.6578,36.5497
298,16.8098,49.26735,14.8768,83.2866,2.81763,39.6549,22.5276,35.8837,15.8553,16.62,55.4826,7.84799,68.2339,25.026,44.89935,10.7803,36.7925
299,15.5992,50.6355,14.3939,82.1419,2.83745,41.45095,23.4839,35.7381,16.0325,16.917,50.77825,7.85047,69.3566,25.3051,47.2723,10.0546,37.3125
300,14.6351,51.0007,14.9009,85.2741,2.87251,43.1262,24.4311,39.1168,16.3181,17.6089,53.7749,7.88302,70.2257,25.2837,49.7155,9.17362,37.8718
301,14.0641,52.4668,14.7083,84.6073,2.72321,44.5523,25.7312,40.5,17.074350000000003,18.6205,52.8643,8.03364,71.7757,25.2347,49.775,8.92391,38.993849999999995
302,13.9528,53.052,14.5783,88.8569,2.71389,46.479699999999994,26.609,43.6963,17.3141,19.2148,53.1679,8.334095000000001,73.68065,24.8204,51.2332,9.27469,39.6309
303,13.52,53.8303,14.4565,85.5389,2.607665,48.5227,28.0533,41.5379,17.746,19.7317,57.3169,8.57459,75.1469,24.955849999999998,52.5205,9.92019,39.9319
304,14.7688,55.4306,14.3558,91.9585,2.65207,49.4996,29.6229,41.9042,18.0703,20.591900000000003,59.276,8.72085,76.009,25.7788,52.5082,10.8375,40.935950000000005
305,16.7147,56.2361,15.0642,89.9273,2.95116,50.91775,29.7753,44.98535,18.4309,21.4376,61.830600000000004,8.88772,76.8969,26.2193,49.707,12.373750000000001,42.4635
306,18.942,57.0123,15.9548,92.68085,3.48484,52.4029,30.5462,45.8379,19.24805,22.5842,67.2197,9.22906,78.07419999999999,26.9275,51.2931,14.2908,44.3519
307,21.5272,58.2249,16.3691,94.4079,4.19055,52.9678,30.7639,47.7643,19.7964,23.963549999999998,66.6606,9.54356,79.9363,27.811,51.9893,16.0181,47.9249
308,24.9579,59.5043,17.6939,93.4592,4.67862,54.1947,31.71185,49.8064,19.8307,24.4646,69.72995,9.74935,81.3402,29.44265,56.6854,17.6806,50.0843
309,28.1597,60.5619,19.93445,95.6067,5.24277,55.7081,32.9314,47.9692,20.2521,25.1445,66.9419,9.95967,82.0798,31.369,58.4127,20.052599999999998,51.2032
310,31.7193,62.0937,23.0398,95.37155,5.38507,57.0372,33.5823,51.358599999999996,20.084,26.14985,70.3934,10.216,84.0414,32.9443,61.1423,20.9787,52.0108
311,35.5376,63.54095,24.5907,98.7641,5.7808,58.7925,34.7329,51.8016,20.6583,27.1838,70.0132,10.58635,86.6808,34.4577,60.35575,21.4763,52.4863
312,38.909,64.6993,26.7343,98.7333,6.471159999999999,59.3515,36.429649999999995,50.8067,21.118850000000002,27.9404,68.2849,11.148,87.9523,35.489,58.5952,21.8942,53.0764
313,43.94865,66.8287,28.654,100.286,7.24113,60.8678,38.1334,53.233,22.1071,29.1682,70.4659,11.4273,89.5019,36.50405,63.1756,22.8403,54.07585
314,48.162,68.40780000000001,29.8469,102.34100000000001,7.38045,62.1969,39.4886,53.4857,22.44,30.0802,69.25309999999999,11.7367,91.216,37.9677,65.036,23.587,54.9969
315,50.3904,70.3546,32.6555,104.284,7.687165,62.8499,40.7288,56.4415,23.529,30.4677,70.0102,12.19405,92.60130000000001,39.2732,66.4715,24.0802,55.5855
316,51.8431,72.1428,33.3335,105.593,8.53588,64.16295,41.703,55.5626,24.5064,31.5995,73.5723,12.6235,93.8363,40.3666,69.84645,24.75695,56.0984
317,52.9927,73.56405000000001,35.67035,107.955,8.27084,65.2693,43.0368,56.692,25.16755,32.5624,75.3596,12.793,94.4898,41.7673,68.7389,26.0323,57.203649999999996
318,54.0909,74.3584,37.8061,108.798,9.3579,65.7433,43.7829,57.8589,26.7334,33.2088,77.9689,12.9773,95.2136,43.40965,69.3852,27.3894,58.7888
319,54.8417,75.8698,38.0698,109.331,9.620585,66.87055,44.321,59.227199999999996,27.159,34.05005,75.6008,13.1062,95.81625,44.7051,69.3792,30.272199999999998,60.2519
320,54.9061,77.00995,39.607,113.2505,10.4616,67.8202,44.6225,61.5962,28.1225,34.743,80.1155,13.1665,96.933,45.5445,70.4009,32.7401,62.337149999999994
321,55.447900000000004,77.6823,40.44545,114.227,11.0852,69.0009,45.6189,59.4931,28.2066,34.8869,79.15594999999999,13.0694,97.213,46.911,68.83590000000001,34.1596,63.801
322,54.9947,78.6523,40.5866,115.53,10.92085,70.23910000000001,47.14855,62.0065,29.128,36.0236,80.5967,13.0624,97.2154,48.0938,68.7611,36.88115,64.6123
323,53.8306,78.9985,40.5702,117.9325,11.4797,71.652,48.8227,63.046600000000005,30.23965,37.3733,82.6612,13.0457,99.16669999999999,49.62075,70.7572,39.4456,66.34129999999999
324,53.0515,79.8237,40.21665,119.423,11.7969,73.0102,49.9929,62.5406,32.3596,38.3651,85.74145,12.945699999999999,100.571,51.0695,72.5341,41.0562,68.1104
325,51.1739,80.3898,40.1162,120.048,11.85905,74.40705,50.6279,64.8125,31.962,39.1061,87.4794,13.0113,101.208,51.3485,74.40525,43.6175,69.4382
326,50.0044,80.6241,40.3209,122.7355,12.2662,76.2636,51.66885,65.3169,33.6515,40.212900000000005,87.1446,13.1651,102.911,51.6751,77.7585,45.0439,70.2909
327,49.1993,81.75745,40.34555,124.358,13.4757,77.035,52.7966,67.20645,34.6017,41.2851,88.8589,13.4097,105.14150000000001,51.9144,79.8315,45.3879,70.437
328,48.9852,82.6164,40.8833,124.707,14.53105,78.51655,53.8004,70.0102,36.6643,42.134,91.3802,13.9819,107.702,52.47605,78.0602,45.59,70.3442
329,50.21315,83.0026,40.6281,126.708,15.2885,80.3433,55.1375,70.2019,38.5264,44.1344,89.5745,14.5934,109.701,53.3535,79.5709,46.28755,71.39345
330,51.9729,83.9,41.75335,127.896,15.8028,81.3998,55.914,71.5519,39.9377,45.5106,92.96385000000001,15.154,111.806,53.564,82.203,47.3992,72.8609
331,52.8416,85.0409,42.5477,128.029,16.2612,83.6586,57.5662,73.93695,41.2973,46.4661,93.0739,15.8703,113.68,54.1766,84.2877,48.4252,74.6806
332,53.8923,85.234,43.7377,128.873,16.3704,85.4802,58.3632,74.6947,43.0044,47.335049999999995,91.4779,16.7199,115.28399999999999,55.56425,84.1136,50.37785,76.7986
333,55.352,86.52345,44.710899999999995,129.823,17.0884,86.9577,59.1893,76.7878,43.9655,48.079,96.19739999999999,18.17325,116.828,57.2312,86.244,51.7368,78.5087
334,57.2778,88.1425,46.8168,130.145,18.2575,88.2089,59.4773,76.5251,45.3563,48.9997,99.2424,19.5537,117.481,59.2057,86.96424999999999,52.5443,79.7721
335,60.088,88.6925,48.1649,131.5575,18.6055,89.9942,61.226600000000005,78.87795,47.4362,49.9551,97.8363,20.4881,118.023,60.6329,87.108,54.423100000000005,80.70400000000001
336,62.4186,90.54625,50.0814,132.923,20.0627,90.8584,62.8773,81.2451,47.212,51.1205,98.0136,21.3743,119.9235,62.3782,85.2962,56.4885,82.2492
337,67.7456,92.0606,52.1223,136.1365,19.8418,92.19640000000001,63.9802,80.6443,48.7207,51.8658,98.3829,22.74295,120.736,63.863,86.5609,57.7354,83.9048
338,71.6703,93.8535,53.9742,137.708,20.4985,94.0586,65.3885,83.0462,49.5693,52.297799999999995,100.094,23.8693,120.904,64.9817,87.7512,59.00515,84.9092
339,75.256,95.36485,56.1883,138.217,21.2622,94.3243,66.74475,83.5983,50.7635,54.2617,99.2047,24.3131,121.683,65.6168,91.0982,59.7994,85.51625
340,77.2964,97.3005,57.6987,140.3365,21.0978,95.64775,67.5176,83.6812,52.3856,55.499,102.214,24.4678,122.7245,66.7909,91.59479999999999,60.2355,86.1884
341,79.5057,98.5849,59.7292,142.706,22.72565,96.8612,69.0568,85.7742,52.9154,57.76075,102.762,24.6662,124.401,67.5036,94.2891,61.285650000000004,86.8804
342,81.9998,99.6848,59.6767,141.336,25.9258,97.8326,70.4411,86.1395,53.8104,59.4316,103.8885,24.565849999999998,125.023,67.78800000000001,96.4631,63.0144,88.10725
343,83.7257,102.16,61.53115,144.824,26.972,98.80865,71.7694,87.4416,55.2705,60.443,105.087,24.4655,125.547,67.8351,98.58070000000001,63.7742,89.7415
344,85.6817,103.259,63.4414,148.454,28.8917,100.45,73.1626,87.5508,56.8482,60.832049999999995,106.724,24.4542,127.5095,68.2759,100.139,64.97704999999999,90.7911
345,87.9126,105.374,63.621,146.413,31.4037,100.694,74.31909999999999,88.5954,57.6703,62.1579,107.09649999999999,24.7752,129.298,68.90825,101.173,66.8866,91.8543
346,88.7447,107.089,65.6563,149.391,32.2308,102.26050000000001,75.6305,89.4379,58.9094,62.5535,108.912,25.7404,130.924,70.6021,101.74000000000001,68.6763,93.3613
347,89.3507,107.22,67.4297,153.71,34.60155,103.582,76.4537,91.7611,60.24185,63.46255,110.826,27.1758,131.974,71.8817,101.563,70.8253,94.8703
348,89.2393,107.991,66.8804,152.036,37.1513,104.008,77.0143,91.636,61.1592,64.4003,111.52850000000001,28.5326,133.862,74.22335000000001,104.274,74.37405,97.167
349,89.2725,109.44300000000001,68.76665,155.027,38.6793,105.38550000000001,78.93145,93.0603,62.4502,65.3667,110.408,30.0949,135.676,76.1918,103.988,77.5745,98.9644
350,89.1496,109.878,69.4939,157.874,40.6682,106.921,80.1015,94.0333,63.5369,65.9574,113.914,31.8442,136.699,77.467,105.555,79.1788,100.14
351,89.0721,111.378,68.9395,159.125,41.6197,107.773,81.0501,95.19239999999999,64.9166,67.36085,114.95349999999999,34.553799999999995,137.078,79.2712,105.7975,80.63735,100.471
352,88.6003,111.97800000000001,69.9743,159.791,43.2866,109.6375,82.46934999999999,97.7135,66.71445,69.6871,117.67,37.2443,138.202,80.6739,105.233,82.1812,101.11
353,87.3983,112.517,70.5271,162.457,43.430099999999996,111.776,83.7685,96.2372,68.4523,71.1617,117.191,38.9628,140.02100000000002,81.8608,106.864,83.1827,102.003
354,86.3539,113.384,70.4993,162.60750000000002,43.9566,112.629,84.4442,95.5793,68.9469,72.9453,120.02850000000001,40.6223,141.348,82.5907,108.989,84.16534999999999,103.50899999999999
355,85.4311,113.518,71.707,162.987,44.078,114.4365,85.7666,98.88839999999999,70.8493,75.0298,121.515,42.88525,141.817,82.69194999999999,110.956,84.772,104.871
356,85.62285,114.104,72.9948,164.499,44.87245,116.461,87.6927,100.911,70.8113,75.9384,121.4065,44.4162,143.239,83.4424,111.497,84.7213,105.901
357,87.233,114.74,73.0596,165.70999999999998,45.8935,116.561,88.453,102.382,72.54715,77.84375,122.009,44.8207,144.825,84.0499,113.38149999999999,84.756,106.9325
358,88.4505,114.96000000000001,73.65379999999999,167.643,45.8814,118.251,90.2796,104.237,74.9445,79.9161,123.003,45.0599,145.996,85.11285,113.968,85.8545,107.602
359,89.6892,115.121,74.9203,167.753,46.4826,119.0865,91.8351,104.082,76.0389,80.6512,121.4595,45.7294,148.142,87.0142,113.171,86.4358,108.725
360,91.3951,116.419,75.0656,169.08550000000002,46.9125,120.454,92.2521,107.107,77.665,80.81715,126.349,46.5202,149.122,88.1856,114.96000000000001,87.62774999999999,110.8505
361,94.132,117.6185,76.89885,170.271,46.5554,121.651,93.7527,107.042,78.9465,81.1587,123.968,46.9098,150.814,89.7849,116.731,89.0383,112.365
362,96.6272,118.825,78.5592,171.491,47.2168,122.81049999999999,95.0369,108.965,81.2946,81.9908,123.37100000000001,47.3714,152.785,90.9177,117.162,90.0117,112.896
363,99.0725,120.838,79.3219,172.3095,47.923100000000005,124.724,95.606,109.97200000000001,81.2515,83.10425000000001,125.886,47.9322,153.918,92.5812,118.7165,92.05475,114.32900000000001
364,101.644,121.8155,81.5473,174.178,49.1026,124.929,97.05425,111.597,82.9558,84.826,126.309,48.6328,154.857,94.7498,120.418,94.619,115.501
365,104.291,123.383,83.46185,176.223,50.7136,126.198,98.4469,114.079,83.4108,86.2041,127.716,49.6172,155.678,96.0116,120.055,96.7122,116.9
366,109.06649999999999,124.732,84.8639,176.2535,53.60185,128.325,99.2217,111.741,85.023,86.94815,128.206,50.2688,156.483,96.9746,124.92099999999999,98.759,119.55449999999999
367,113.324,125.87950000000001,86.7619,179.094,56.1246,128.013,100.97300000000001,114.98849999999999,86.2284,88.567,128.709,50.8897,157.249,97.74279999999999,128.055,100.504,122.032
368,115.447,126.821,88.9875,178.562,57.8107,129.969,102.599,115.408,86.9437,89.4152,130.4725,51.91135,157.272,97.9618,130.159,101.325,122.879
369,117.583,127.967,91.0853,180.8675,60.104749999999996,132.281,103.596,116.627,87.5617,90.4276,132.753,53.0787,159.09550000000002,98.3204,130.495,102.11099999999999,124.52
370,118.673,129.9305,93.2093,183.596,62.106,132.206,105.202,116.987,88.73375,92.3399,134.684,53.5552,160.724,99.20439999999999,132.853,103.727,126.64750000000001
371,121.148,131.051,95.34035,182.649,62.799,134.137,106.726,117.7775,90.3558,93.9254,135.70850000000002,54.3686,161.992,99.7537,133.794,105.619,128.153
372,122.588,132.469,96.756,185.8295,64.0052,135.299,107.788,119.962,91.2443,94.9378,136.11,55.3526,163.818,100.341,134.2385,106.66,129.066
373,124.082,134.048,99.5385,187.549,65.9699,135.646,109.095,117.821,91.9716,95.905,137.744,56.9901,164.636,101.991,134.814,108.56450000000001,130.96949999999998
374,124.459,135.098,99.7644,188.7,66.6399,137.105,110.303,120.223,90.554,97.5245,138.0115,59.1429,165.70499999999998,103.549,136.05349999999999,110.563,131.509
375,124.963,136.323,99.7498,189.77,68.59989999999999,138.31,111.324,121.976,93.62049999999999,99.1319,138.522,60.4497,167.665,105.004,134.133,112.148,131.75
376,125.208,136.6405,101.283,192.488,70.4435,139.526,113.121,122.30250000000001,95.9194,100.29235,138.94799999999998,62.213,168.556,107.399,133.346,114.1445,132.53
377,124.112,137.202,101.45150000000001,193.31349999999998,71.1633,141.50549999999998,114.42750000000001,125.27,96.2152,101.336,140.617,64.387,169.569,109.764,134.9555,115.914,133.159
378,123.941,138.281,101.234,194.694,72.2849,142.85,115.887,123.892,98.5615,102.083,140.883,66.3383,171.432,111.317,136.773,116.892,133.477
379,122.983,138.5445,103.081,196.183,73.17384999999999,143.745,117.099,124.505,99.17955,103.3775,141.7595,67.7795,172.764,112.374,137.838,117.9655,134.68200000000002
380,122.699,138.452,103.1165,197.378,74.3986,144.639,117.7245,126.023,99.9453,105.655,141.517,68.8781,173.35,113.4075,139.34449999999998,119.07,135.467
381,123.138,138.889,102.3,198.5,75.1345,145.573,118.975,127.349,101.554,106.641,141.063,70.0698,174.271,114.445,142.267,119.748,135.674
382,123.261,139.275,103.985,199.6685,76.58065,145.055,119.75,129.839,102.682,107.53200000000001,143.9345,71.1013,175.85500000000002,114.975,142.5405,120.924,137.31150000000002
383,123.362,140.102,103.8505,200.384,78.1142,146.8505,121.31450000000001,130.566,102.423,108.708,142.142,71.462,177.487,116.493,145.982,122.484,139.441
384,123.732,141.476,104.045,201.359,78.3174,148.888,122.441,132.1685,105.1935,109.495,143.255,71.4474,178.708,117.833,146.642,123.191,140.367
385,124.199,141.5875,105.449,202.1265,79.81235000000001,149.4,123.827,133.725,108.385,110.28899999999999,143.257,71.7383,178.875,118.352,146.5355,123.357,142.9555
386,125.787,142.804,105.87299999999999,203.115,81.0596,151.04,124.9755,134.351,106.907,111.98,143.79,72.1628,180.453,119.259,147.31,123.67,145.266
387,127.71,143.423,106.47,203.88049999999998,81.799,152.473,125.609,135.267,110.488,113.316,143.9345,72.6205,182.38,120.029,148.516,124.599,146.325
388,129.862,144.3,108.743,205.678,83.03800000000001,152.897,127.3,135.92700000000002,109.469,115.0255,142.609,73.091,183.18,121.126,147.451,126.30250000000001,148.2165
389,131.875,144.79,109.7165,205.235,83.5549,154.132,128.552,139.619,110.378,116.868,145.133,74.42235,184.42,122.0495,148.523,127.884,149.69
390,133.955,144.853,110.978,206.6095,84.1628,155.402,129.945,138.833,112.528,117.474,148.0565,76.0376,185.602,123.395,148.3625,129.438,150.707
391,136.781,146.1615,114.017,207.853,85.4928,156.283,131.259,140.942,112.917,119.229,149.127,77.3526,186.437,124.757,149.485,131.3705,151.67399999999998
392,139.775,146.424,114.526,207.58,86.6775,157.4855,132.5605,142.816,114.139,120.826,150.417,78.9327,187.335,126.3325,149.728,132.739,152.697
393,142.175,147.142,117.588,209.36599999999999,86.889,158.62,134.065,143.215,115.518,121.376,150.1325,80.3978,188.005,127.13,152.7415,134.182,153.72
394,143.58,148.5615,120.551,212.146,88.6192,160.2555,134.513,144.983,117.448,122.44,151.357,82.45705000000001,189.817,128.034,154.329,136.256,154.26
395,146.44,149.788,121.095,211.078,90.7705,161.031,136.666,145.461,116.97,122.9515,151.728,84.073,191.32999999999998,130.1935,156.428,138.046,155.4065
396,147.384,150.458,123.917,213.29899999999998,91.1552,160.802,137.922,146.57999999999998,119.727,123.685,153.12,85.0533,192.594,131.335,157.6745,139.295,157.311
397,150.30599999999998,151.6845,126.448,214.162,93.14245,161.27499999999998,138.463,148.032,118.042,124.715,155.193,85.651,193.422,132.147,160.124,140.6685,158.51
398,152.228,152.385,126.496,213.432,94.1259,162.243,140.5145,148.12,119.775,126.502,155.862,86.64115000000001,194.337,133.4005,160.767,141.286,159.555
399,153.731,153.313,128.28250000000003,215.33249999999998,94.1312,162.2515,141.498,149.182,121.475,127.995,155.947,87.5524,195.09199999999998,134.158,161.49849999999998,142.166,161.393
400,154.461,154.03500000000003,129.961,217.213,96.31885,162.749,142.774,150.348,120.551,128.28,155.416,88.0099,196.555,134.472,160.212,143.27249999999998,162.514
401,155.417,155.256,130.22,216.348,98.2617,164.3055,143.5815,151.881,122.888,130.293,158.1575,89.0686,197.615,136.06,162.404,144.019,164.1365
402,155.985,156.315,131.3285,219.344,98.2919,164.84,144.896,151.289,123.2755,131.926,158.651,90.4371,198.479,137.864,162.58550000000002,144.153,165.74
403,156.139,156.7905,132.967,222.193,101.01,165.615,145.993,152.714,125.871,133.494,159.835,91.9374,199.4135,139.899,163.605,144.434,167.6
404,158.208,158.05,133.502,220.782,101.40105,165.848,146.9205,152.77949999999998,124.983,135.64800000000002,159.46550000000002,92.7531,200.669,140.692,162.415,145.57850000000002,168.82799999999997
405,156.454,157.952,134.30200000000002,223.19850000000002,102.227,165.191,148.616,154.108,127.966,137.768,155.017,94.0805,201.5,141.4395,160.8095,146.786,169.266
406,156.806,159.1495,135.54,224.736,105.176,167.1015,149.004,155.335,127.097,137.73,154.918,94.99950000000001,202.288,142.318,161.842,148.001,169.513
407,156.683,160.518,134.936,223.742,106.07,168.753,150.171,155.409,128.603,139.453,154.517,96.2706,203.8095,142.853,163.291,150.5285,170.21550000000002
408,155.861,160.333,136.1045,225.1945,108.502,168.753,151.316,157.522,130.634,140.229,155.933,97.113,204.865,144.7595,164.3055,151.956,170.152
409,156.113,161.30849999999998,136.768,226.773,109.661,169.277,151.827,158.033,130.264,140.674,155.1265,97.8499,205.242,145.52,166.583,152.767,171.106
410,156.492,162.453,136.551,225.068,111.37549999999999,170.379,152.194,159.935,133.231,141.3545,156.152,98.6813,206.847,146.057,167.21,155.1325,172.112
411,155.418,161.983,137.4655,226.90800000000002,111.679,169.131,153.9765,159.084,134.3175,142.572,158.825,99.3144,208.785,147.51600000000002,169.07850000000002,156.495,172.765
412,156.61599999999999,162.69650000000001,138.673,227.868,113.438,170.624,155.287,161.3,136.645,142.958,159.2855,99.166,209.306,148.101,171.522,156.894,173.778
413,156.729,161.476,138.499,228.838,114.285,173.366,156.267,162.616,136.59,144.56349999999998,164.498,99.702,210.687,149.14,172.56799999999998,157.66750000000002,175.624
414,157.027,161.393,139.925,228.71300000000002,114.4,172.595,157.0855,162.13,137.432,146.711,164.762,99.82025,211.376,150.30700000000002,172.124,157.49,176.421
415,157.977,161.2235,141.755,226.081,115.856,175.024,158.162,164.343,137.109,147.618,166.07999999999998,100.467,212.093,151.474,174.365,157.657,177.968
416,158.64,161.992,141.742,227.73149999999998,116.5675,177.734,159.669,164.6655,138.5125,149.293,167.791,101.579,213.0805,151.972,173.5005,157.893,179.9605
417,161.2035,162.5635,143.7825,231.415,116.751,176.409,160.329,167.365,140.996,149.933,167.3065,103.105,214.409,153.0925,172.236,157.904,181.728
418,164.128,163.732,145.606,227.224,118.065,178.751,162.163,168.228,139.515,151.474,165.978,105.6905,216.119,154.337,174.432,157.395,182.369
419,165.574,164.122,146.88,230.673,117.4825,178.132,163.109,167.719,142.248,153.61849999999998,165.743,108.25,216.809,154.791,175.49450000000002,158.405,183.8345
420,166.996,165.04399999999998,148.177,233.199,117.659,178.004,164.745,169.527,142.3025,155.055,165.6585,109.648,218.0045,156.449,176.37,159.503,185.185
421,168.713,164.548,149.48000000000002,230.391,118.388,180.447,166.067,169.296,143.195,155.976,164.189,110.95,218.894,157.974,176.3465,159.319,185.561
422,171.1695,165.218,150.269,232.63,118.265,180.087,167.182,171.349,143.583,157.239,163.043,112.4245,219.264,158.847,175.874,160.465,186.3005
423,172.366,164.803,151.765,233.331,118.931,180.538,168.748,171.529,144.699,157.7535,161.296,113.664,219.837,159.743,176.624,162.697,186.953
424,175.13,163.52,152.926,234.1905,120.107,182.491,170.151,173.4575,144.339,158.821,161.102,114.123,220.8155,161.075,179.4975,163.736,186.67
425,175.953,162.715,154.172,234.712,121.3005,181.14,171.269,175.815,145.9555,159.99,162.972,114.579,220.997,161.462,180.758,165.2595,187.712
426,177.055,164.7975,155.896,235.3,123.217,181.001,172.265,174.138,147.174,160.441,163.501,115.164,221.642,162.064,181.67000000000002,165.729,190.021
427,177.5745,165.258,157.832,237.3715,124.723,179.554,173.106,176.57,146.852,161.923,165.887,115.858,221.115,163.353,184.13,165.1175,191.169
428,179.002,167.0245,159.766,239.009,125.506,179.613,173.775,177.63400000000001,148.914,163.261,166.70850000000002,115.808,220.6755,164.662,184.349,167.047,192.658
429,178.822,166.455,161.307,239.2075,127.45700000000001,178.118,174.6215,177.532,148.817,164.3245,167.585,115.482,222.158,165.783,184.28,167.223,194.135
430,181.567,167.997,162.41,238.47,128.598,177.308,174.871,180.364,149.8415,165.604,168.09199999999998,115.787,221.592,166.417,185.773,167.857,195.298
431,180.453,168.9155,162.956,239.5665,130.261,178.226,176.639,179.583,151.587,166.806,168.317,115.66399999999999,222.71,167.201,184.485,170.134,195.738
432,181.39600000000002,168.4,164.019,242.092,131.38049999999998,179.661,177.469,181.3185,151.703,168.815,168.142,116.888,223.959,167.613,183.805,171.562,197.247
433,181.578,170.807,164.54149999999998,239.472,133.298,178.047,178.322,182.304,152.043,169.323,169.6775,117.584,225.7,168.865,183.467,171.9825,198.626
434,180.272,171.2215,164.566,238.933,133.673,176.538,179.898,182.564,153.50650000000002,169.284,173.353,118.427,227.018,170.132,183.199,173.912,198.51
435,180.538,169.384,165.663,241.195,135.32549999999998,176.3385,179.90050000000002,183.127,154.427,170.70049999999998,172.691,120.0265,228.278,170.656,182.47,174.271,198.26
436,179.402,170.957,166.3555,240.933,136.843,175.757,180.535,184.6695,154.843,171.26,172.86450000000002,121.974,231.043,171.59199999999998,181.401,175.191,198.401
437,179.2835,168.866,166.931,241.82,136.799,176.76350000000002,181.743,186.056,156.197,171.724,174.4885,122.715,232.447,172.115,182.474,176.103,198.139
438,179.425,167.216,167.515,239.734,137.974,179.166,182.592,185.71,156.085,173.329,170.949,124.049,233.406,173.556,182.197,177.137,198.4905
439,179.735,167.6095,167.519,241.707,138.815,178.28199999999998,182.398,187.576,157.821,173.931,172.749,125.20150000000001,234.232,174.5635,181.801,177.3945,198.434
440,181.079,166.777,167.604,243.442,138.735,177.021,183.39800000000002,188.29500000000002,158.705,174.795,170.5325,125.763,234.225,175.475,183.758,176.963,198.341
441,181.382,169.186,168.158,242.2185,139.917,178.422,184.287,188.234,158.93,176.085,168.866,127.066,235.47000000000003,176.327,183.486,178.454,199.2955
442,181.3405,170.115,168.9435,242.363,140.558,179.4195,184.312,190.461,159.575,177.647,165.1905,128.442,235.306,177.049,184.8425,177.6535,200.204
443,181.945,167.056,170.246,245.303,140.244,180.611,186.0315,190.113,158.409,178.268,161.35,129.0645,235.902,178.389,190.674,176.106,201.176
444,182.036,168.247,170.703,244.3055,141.426,183.0005,187.034,191.61849999999998,159.908,179.511,162.1935,130.365,237.791,179.5,190.773,176.256,204.226
445,183.544,166.0445,171.7815,242.851,142.14,185.63,187.476,194.788,160.457,180.8,161.931,131.708,238.3845,180.5965,189.49349999999998,176.59550000000002,206.797
446,183.399,167.706,173.084,245.945,141.273,185.059,188.74599999999998,194.94,161.557,181.4395,163.0405,132.351,239.96,181.368,190.936,176.343,207.519
447,185.0925,168.429,173.343,244.7065,142.827,188.8635,189.59,197.279,162.332,181.929,164.635,134.20850000000002,241.493,181.805,190.6225,176.9395,208.1175
448,187.263,168.927,174.6355,243.792,144.01,190.541,189.25,200.2395,162.958,184.293,166.134,136.376,242.105,182.89249999999998,190.523,177.351,208.597
449,186.993,167.497,176.546,245.833,143.795,191.2595,192.55,203.024,162.91,184.543,171.8345,136.635,244.5335,183.338,189.064,176.02100000000002,208.751
450,189.294,169.824,177.584,245.579,144.688,192.848,194.38,203.412,162.501,184.764,176.424,139.061,246.09,183.73,186.096,176.883,208.8875
451,189.216,170.179,179.345,246.952,145.638,191.4325,196.1845,206.085,162.216,184.956,177.7705,140.9225,246.504,184.6515,183.489,177.509,210.251
452,190.4905,169.934,180.734,247.05349999999999,145.3,191.347,198.697,207.673,161.575,186.6725,182.577,142.827,248.358,185.526,183.731,176.4515,209.027
453,191.786,169.219,181.776,247.199,146.2,191.52,199.355,209.203,160.966,187.613,186.699,143.836,249.17849999999999,185.65,183.5765,177.614,208.825
454,192.814,166.625,183.1585,249.122,147.39,192.0045,199.36149999999998,211.702,161.475,188.895,187.4125,144.874,250.001,186.004,182.273,180.578,209.211
455,192.877,165.0855,183.439,248.69,147.7385,193.3,201.884,211.374,161.209,190.764,189.534,146.2425,248.943,186.528,182.84,180.58800000000002,209.024
456,195.32,164.258,185.486,248.1315,148.206,194.29500000000002,203.107,214.39350000000002,161.264,191.638,185.70499999999998,147.663,249.757,186.954,185.3835,181.736,208.825
457,194.158,164.813,185.667,249.043,149.563,196.113,205.66649999999998,216.801,161.749,192.571,183.939,147.952,251.896,188.788,185.914,181.686,209.861
458,195.6235,164.907,186.114,246.203,149.6585,195.7215,207.14,215.808,160.425,193.405,183.23700000000002,148.397,252.8605,190.252,185.268,184.153,209.8265
459,194.619,161.41,187.667,245.50799999999998,150.522,196.263,207.593,219.357,159.644,193.863,183.358,148.992,254.684,190.338,186.076,184.142,210.052
460,194.7,159.406,187.1,244.875,150.957,191.642,209.052,220.4195,159.946,194.102,184.228,148.988,257.094,191.403,187.938,184.8175,212.086
461,195.236,158.898,188.173,245.196,151.64249999999998,193.09050000000002,210.111,223.664,159.065,195.85199999999998,185.01,148.774,257.586,192.99900000000002,187.78199999999998,186.74,214.646
462,194.796,158.001,189.284,246.31,152.915,191.693,211.066,223.503,159.468,195.923,185.74849999999998,149.2,259.4355,193.185,188.148,185.08,214.904
463,195.05849999999998,158.872,188.66,248.508,152.695,194.5915,212.638,226.022,158.955,195.805,185.444,149.179,261.621,193.723,188.4435,184.47449999999998,215.2465
464,194.436,159.267,189.936,247.13799999999998,154.014,193.402,214.184,226.65550000000002,158.522,197.478,186.56900000000002,149.181,262.929,193.99,188.058,184.394,216.501
465,194.206,157.748,190.332,247.038,154.771,198.682,215.513,227.597,158.16,198.626,185.402,148.553,263.729,194.996,189.385,182.53449999999998,216.973
466,193.823,156.241,190.707,244.6725,155.768,196.1235,216.515,228.992,157.31,199.719,185.212,147.509,266.25,195.013,187.82600000000002,180.55,216.135
467,194.083,156.606,191.325,245.021,156.17149999999998,195.353,217.718,229.736,155.983,200.716,188.03,146.733,267.716,194.676,185.912,180.64999999999998,217.547
468,193.3725,153.25900000000001,191.789,243.96,156.685,198.747,217.7115,231.11849999999998,155.383,200.281,182.8105,148.066,269.165,194.979,183.214,178.604,217.53699999999998
469,194.125,152.665,192.326,241.728,157.783,197.784,218.808,233.877,155.3005,200.5935,182.626,148.656,269.048,195.586,180.391,178.5765,216.645
470,193.268,154.251,192.496,243.353,158.086,196.547,219.666,235.408,155.023,200.302,182.39749999999998,150.458,269.48900000000003,196.472,179.4425,179.345,217.006
471,193.597,156.439,193.395,244.572,159.211,199.4435,219.785,235.332,156.436,201.913,182.613,151.21,271.115,197.483,179.976,182.072,217.692
472,194.4225,156.812,193.786,244.056,159.351,198.352,220.1165,238.443,155.34,201.355,180.393,151.664,275.97,197.945,180.922,181.236,216.393
473,193.648,154.464,194.303,246.52949999999998,160.0365,203.555,220.682,238.89600000000002,154.137,201.148,171.44,154.292,270.955,198.722,182.01049999999998,181.863,216.025
474,194.724,152.437,195.159,246.021,160.849,204.444,220.85399999999998,239.886,153.178,201.692,163.3495,149.635,272.4835,199.109,179.844,181.5935,216.11450000000002
475,194.189,148.4925,195.1725,245.67700000000002,160.854,204.24,220.636,241.885,151.307,201.8395,157.538,142.449,276.975,200.6265,181.635,180.872,217.348
476,195.092,149.548,195.6,246.354,161.1635,208.018,222.005,242.357,152.24,201.501,147.5445,138.45549999999997,276.826,200.955,184.056,181.4,217.713
477,196.678,148.236,195.764,244.9445,160.894,206.461,221.158,234.275,148.44299999999998,201.7765,135.53199999999998,136.091,281.649,201.378,186.09699999999998,180.931,218.903
478,196.215,146.418,196.822,246.841,161.057,211.5215,221.506,224.63,143.621,201.21,129.604,119.387,285.072,202.1005,185.266,178.816,219.69
479,197.239,149.527,198.194,247.973,159.9145,209.109,222.51049999999998,225.936,135.84300000000002,202.266,131.725,117.166,285.735,202.432,187.942,179.0095,218.9765
480,197.336,146.919,197.658,247.809,158.799,210.733,221.41,230.38,133.961,201.796,131.792,123.39,291.05,202.372,184.7715,178.832,220.024
481,198.005,147.941,199.37,249.022,158.3485,212.18,222.2955,230.211,131.318,202.574,135.85399999999998,113.08449999999999,291.156,202.5615,183.236,177.8905,220.594
482,199.964,149.838,200.017,246.64600000000002,159.463,206.3795,221.768,233.646,134.029,203.6525,140.394,117.347,292.982,202.107,179.9745,176.088,218.8615
483,200.049,145.794,199.809,248.528,158.485,209.578,205.085,224.525,130.359,204.201,144.3705,119.024,294.127,202.47449999999998,179.375,173.71949999999998,217.936
484,201.868,142.291,201.022,249.734,159.6365,209.018,198.668,224.404,129.826,204.454,144.671,123.999,295.254,203.004,177.466,168.28,218.2685
485,201.517,143.0345,202.173,249.539,160.24,207.812,192.7785,222.213,126.827,204.8225,152.97050000000002,128.239,293.881,203.368,177.159,164.851,217.378
486,196.889,138.415,201.782,251.366,161.539,210.0905,189.858,224.879,125.998,203.636,161.019,133.872,294.41,203.9275,175.2825,157.563,216.616
487,199.883,138.65949999999998,202.6625,250.8485,162.223,211.492,195.356,224.798,121.62100000000001,204.5505,157.922,142.803,293.4865,203.59,176.973,153.72500000000002,216.5765
488,198.608,142.132,204.234,253.17,159.3835,206.0695,192.75,226.16,119.662,204.731,153.85500000000002,145.735,293.656,204.413,177.708,147.566,217.898
489,199.044,142.8265,204.006,254.348,150.707,194.362,190.95749999999998,221.307,117.015,206.0035,149.001,146.473,291.286,206.685,181.1925,141.112,219.575
490,199.75,143.083,204.79899999999998,253.502,148.968,191.257,193.426,226.115,117.833,206.4,139.1405,143.215,292.737,206.616,181.993,133.693,219.9075
491,198.193,147.5445,205.581,253.804,151.364,187.668,194.644,223.522,118.34899999999999,205.029,127.73649999999999,136.91,294.6575,208.1875,185.534,123.4565,221.372
492,198.36149999999998,149.033,205.577,252.111,148.90050000000002,188.0365,190.3795,217.572,119.117,204.63,114.921,135.7,292.194,210.424,188.641,115.814,223.9965
493,198.427,148.732,205.5905,254.0115,146.0,192.889,187.888,217.764,120.069,203.34449999999998,114.5655,130.053,293.84,210.806,192.558,124.64500000000001,228.32
494,197.583,150.273,206.304,255.25,143.69,186.6585,186.60649999999998,220.283,120.651,201.553,108.35849999999999,124.90899999999999,296.994,210.411,191.53,129.27,230.864
495,199.57850000000002,150.516,205.964,253.015,140.84,187.806,186.099,218.011,120.50800000000001,202.719,102.698,120.704,292.3725,209.803,195.733,130.574,235.62599999999998
496,199.949,152.966,207.248,256.266,134.84199999999998,183.9725,186.498,214.046,118.91,202.554,103.62549999999999,121.507,288.656,208.857,195.963,137.447,238.929
497,199.041,150.671,207.617,254.347,127.677,176.623,186.803,218.669,121.761,201.701,104.32900000000001,118.52850000000001,273.637,207.4035,197.4235,140.17399999999998,240.41
498,197.497,155.2055,207.50150000000002,254.0405,126.991,175.29399999999998,186.2385,221.805,120.532,202.905,111.269,125.733,274.855,206.567,193.189,141.526,243.74349999999998
499,196.836,157.663,206.871,254.31900000000002,121.739,178.625,184.242,218.418,122.58,201.522,118.621,123.281,263.28499999999997,204.928,193.0935,144.3915,246.934
